,Country,WEO,ISO,1999,2000,2001,2002,2003,2004,2005,2006,2007,2008,2009,2010,2011,2012,2013,2014,2015,2016,2017,Continent
0,Afghanistan,512.0,AFG,877.0,1011.0,1202.0,1759.0,1252.0,2137.0,4749.0,3417.0,1753.0,2813.0,3165.0,2017.0,1648.0,1617.0,2196.0,10527.0,8328.0,12513.0,19538.0,Asia
1,Albania,914.0,ALB,3695.0,4755.0,4358.0,3765.0,3362.0,3840.0,5947.0,7914.0,5737.0,5754.0,5137.0,4711.0,3612.0,3364.0,3186.0,3828.0,4653.0,5773.0,5722.0,Europe
2,Algeria,612.0,DZA,789.0,906.0,875.0,1030.0,759.0,805.0,1115.0,1300.0,1036.0,1037.0,1485.0,1305.0,1364.0,1369.0,1241.0,1669.0,1775.0,2180.0,2139.0,Africa
34,Angola,614.0,AGO,57.0,87.0,94.0,92.0,59.0,107.0,188.0,272.0,199.0,221.0,173.0,148.0,148.0,187.0,143.0,148.0,154.0,198.0,209.0,Africa
66,Antigua and Barbuda,311.0,ATG,454.0,429.0,461.0,380.0,301.0,414.0,440.0,570.0,415.0,444.0,437.0,359.0,368.0,337.0,344.0,369.0,290.0,324.0,322.0,Latin America and the Caribbean
67,Argentina,213.0,ARG,1387.0,2317.0,3297.0,3661.0,3129.0,4805.0,7081.0,7327.0,5645.0,5353.0,5780.0,4399.0,4473.0,4359.0,4372.0,3874.0,3730.0,4091.0,3482.0,Latin America and the Caribbean
68,Armenia,911.0,ARM,1250.0,1253.0,1762.0,1800.0,1287.0,1833.0,2591.0,6317.0,4351.0,3586.0,3442.0,2979.0,2983.0,2681.0,2722.0,2913.0,2962.0,3543.0,3437.0,Asia
69,Aruba,314.0,ABW,14.0,25.0,29.0,32.0,27.0,31.0,42.0,51.0,55.0,36.0,38.0,49.0,39.0,54.0,45.0,40.0,38.0,23.0,47.0,Latin America and the Caribbean
70,Australia,193.0,AUS,1103.0,2044.0,2811.0,2557.0,1836.0,2604.0,3193.0,3249.0,2518.0,2464.0,2622.0,2512.0,2343.0,2414.0,2759.0,2809.0,3034.0,3239.0,2906.0,Oceania
71,Austria,122.0,AUT,230.0,405.0,522.0,483.0,295.0,402.0,532.0,524.0,485.0,443.0,512.0,442.0,424.0,407.0,415.0,438.0,474.0,432.0,387.0,Europe
72,Azerbaijan,912.0,AZE,738.0,1036.0,1152.0,1164.0,746.0,969.0,1523.0,2371.0,1166.0,1071.0,834.0,781.0,728.0,663.0,637.0,672.0,676.0,784.0,881.0,Asia
73,The Bahamas,313.0,BHS,398.0,766.0,924.0,808.0,423.0,586.0,698.0,847.0,738.0,682.0,751.0,652.0,668.0,619.0,630.0,654.0,725.0,656.0,725.0,Latin America and the Caribbean
74,Bahrain,419.0,BHR,70.0,106.0,118.0,85.0,59.0,116.0,140.0,148.0,133.0,96.0,120.0,104.0,119.0,104.0,115.0,122.0,145.0,138.0,130.0,Asia
75,Bangladesh,513.0,BGD,6038.0,7204.0,7152.0,5483.0,4616.0,8061.0,11487.0,14644.0,12074.0,11753.0,16651.0,14819.0,16707.0,14705.0,12099.0,14645.0,13570.0,18723.0,14693.0,Asia
76,Barbados,316.0,BRB,715.0,777.0,895.0,813.0,516.0,630.0,846.0,959.0,689.0,585.0,603.0,465.0,455.0,460.0,428.0,384.0,376.0,371.0,373.0,Latin America and the Caribbean
77,Belarus,913.0,BLR,1320.0,2170.0,2901.0,2923.0,1858.0,2255.0,3503.0,3086.0,2328.0,2390.0,2407.0,2038.0,1964.0,1659.0,1970.0,2015.0,1994.0,2127.0,1919.0,Europe
78,Belgium,124.0,BEL,426.0,670.0,814.0,769.0,455.0,638.0,859.0,716.0,638.0,642.0,686.0,592.0,567.0,574.0,675.0,632.0,662.0,691.0,625.0,Europe
79,Belize,339.0,BLZ,572.0,757.0,936.0,966.0,588.0,871.0,876.0,1252.0,1073.0,1077.0,1041.0,965.0,905.0,847.0,946.0,789.0,772.0,851.0,746.0,Latin America and the Caribbean
80,Benin,638.0,BEN,59.0,62.0,75.0,137.0,76.0,185.0,193.0,275.0,258.0,317.0,401.0,486.0,462.0,415.0,342.0,517.0,466.0,577.0,648.0,Africa
112,Bhutan,514.0,BTN,4.0,,5.0,14.0,15.0,17.0,30.0,78.0,52.0,42.0,594.0,6109.0,10137.0,10198.0,8954.0,7298.0,6325.0,4217.0,2940.0,Asia
113,Bolivia,218.0,BOL,1444.0,1761.0,1819.0,1664.0,1376.0,1768.0,2197.0,4025.0,2590.0,2436.0,2837.0,2253.0,2173.0,1948.0,2071.0,1719.0,1626.0,1595.0,1510.0,Latin America and the Caribbean
114,Bosnia and Herzegovina,963.0,BIH,5412.0,11525.0,23594.0,25329.0,6155.0,10552.0,14074.0,3789.0,1569.0,1491.0,1501.0,946.0,878.0,815.0,697.0,693.0,859.0,971.0,846.0,Europe
115,Botswana,616.0,BWA,5.0,13.0,24.0,30.0,27.0,34.0,54.0,53.0,49.0,41.0,55.0,66.0,76.0,80.0,53.0,58.0,61.0,78.0,112.0,Africa
116,Brazil,223.0,BRA,3887.0,6943.0,9448.0,9439.0,6331.0,10556.0,16662.0,17903.0,14295.0,12195.0,14701.0,12258.0,11763.0,11441.0,11033.0,10429.0,11424.0,13812.0,14989.0,Latin America and the Caribbean
148,Brunei Darussalam,516.0,BRN,16.0,16.0,27.0,28.0,20.0,22.0,49.0,25.0,32.0,18.0,26.0,20.0,25.0,19.0,21.0,25.0,21.0,31.0,24.0,Asia
149,Bulgaria,918.0,BGR,4171.0,4917.0,4400.0,3608.0,3825.0,4253.0,5635.0,4828.0,3981.0,2960.0,3133.0,2570.0,2661.0,2440.0,2844.0,2981.0,2688.0,2670.0,2184.0,Europe
150,Burkina Faso,748.0,BFA,17.0,48.0,68.0,64.0,60.0,103.0,128.0,221.0,238.0,238.0,416.0,377.0,433.0,558.0,585.0,583.0,575.0,642.0,541.0,Africa
151,Myanmar,518.0,MMR,1200.0,1201.0,1373.0,1356.0,1193.0,1379.0,2095.0,4562.0,3130.0,3403.0,13621.0,12925.0,16518.0,17383.0,12565.0,11144.0,12808.0,13065.0,12897.0,Asia
152,Burundi,618.0,BDI,16.0,28.0,79.0,120.0,74.0,100.0,186.0,320.0,257.0,255.0,1505.0,841.0,593.0,535.0,260.0,273.0,351.0,415.0,1094.0,Africa
153,Cabo Verde,624.0,CPV,902.0,1079.0,868.0,871.0,745.0,1015.0,1225.0,1780.0,2048.0,1916.0,2238.0,1668.0,1808.0,1684.0,1673.0,1154.0,1253.0,2242.0,2618.0,Africa
154,Cambodia,522.0,KHM,1394.0,2138.0,2462.0,2800.0,2263.0,3553.0,4022.0,5773.0,4246.0,3713.0,3771.0,2986.0,2745.0,2473.0,2624.0,2536.0,1868.0,3173.0,4056.0,Asia
155,Cameroon,622.0,CMR,824.0,860.0,791.0,984.0,927.0,1309.0,1458.0,2919.0,3392.0,3771.0,3463.0,4161.0,4754.0,3815.0,3908.0,3943.0,4374.0,4899.0,4668.0,Africa
156,Canada,156.0,CAN,8782.0,16057.0,21752.0,19352.0,11350.0,15569.0,21878.0,18207.0,15495.0,15109.0,16140.0,13328.0,12800.0,12932.0,13181.0,11586.0,12673.0,12793.0,11484.0,Northern America
188,Central African Republic,626.0,CAF,3.0,4.0,11.0,13.0,6.0,17.0,24.0,51.0,52.0,88.0,107.0,101.0,134.0,116.0,213.0,155.0,234.0,202.0,178.0,Africa
189,Chad,628.0,TCD,24.0,23.0,44.0,47.0,8.0,23.0,31.0,73.0,74.0,96.0,102.0,120.0,171.0,155.0,111.0,119.0,175.0,136.0,205.0,Africa
190,Chile,228.0,CHL,1085.0,1700.0,1921.0,1839.0,1310.0,1810.0,2404.0,2774.0,2274.0,2017.0,2250.0,1950.0,1853.0,1673.0,1736.0,1581.0,1596.0,1698.0,1625.0,Latin America and the Caribbean
191,China,924.0,CHN,32159.0,45585.0,56267.0,61082.0,40568.0,55494.0,69933.0,87307.0,76655.0,80271.0,64238.0,70863.0,87016.0,81784.0,71798.0,76089.0,74558.0,81772.0,71565.0,Asia
192,Colombia,233.0,COL,9928.0,14427.0,16627.0,18758.0,14720.0,18846.0,25566.0,43144.0,33187.0,30213.0,27849.0,22406.0,22635.0,20931.0,21131.0,18175.0,17316.0,18610.0,17956.0,Latin America and the Caribbean
193,Comoros,632.0,COM,,,,,,,6.0,7.0,7.0,,3.0,4.0,8.0,10.0,,9.0,5.0,4.0,4.0,Africa
194,Costa Rica,238.0,CRI,883.0,1310.0,1733.0,1591.0,1246.0,1755.0,2278.0,3109.0,2540.0,2090.0,2384.0,2164.0,2135.0,2020.0,2114.0,1966.0,2029.0,2224.0,2184.0,Latin America and the Caribbean
226,Croatia,960.0,HRV,580.0,1058.0,2853.0,3798.0,1153.0,1511.0,1780.0,945.0,482.0,455.0,496.0,357.0,349.0,336.0,353.0,297.0,348.0,388.0,375.0,Europe
289,Cyprus,423.0,CYP,106.0,160.0,216.0,158.0,123.0,143.0,196.0,180.0,137.0,141.0,142.0,122.0,101.0,107.0,126.0,129.0,113.0,131.0,117.0,Asia
290,Czech Republic,935.0,CZE,463.0,909.0,1170.0,1164.0,810.0,1130.0,1260.0,1786.0,1214.0,1089.0,1011.0,940.0,769.0,836.0,750.0,680.0,695.0,712.0,634.0,Europe
291,Democratic Republic of the Congo,636.0,COD,87.0,123.0,145.0,178.0,110.0,155.0,260.0,738.0,1129.0,1261.0,2122.0,1764.0,2424.0,3731.0,2792.0,4347.0,5345.0,6791.0,8709.0,Africa
292,Denmark,128.0,DNK,367.0,537.0,706.0,609.0,405.0,566.0,718.0,699.0,517.0,498.0,603.0,518.0,459.0,459.0,506.0,514.0,609.0,521.0,461.0,Europe
293,Djibouti,611.0,DJI,6.0,14.0,22.0,30.0,16.0,37.0,50.0,34.0,23.0,39.0,54.0,37.0,56.0,106.0,90.0,190.0,370.0,281.0,222.0,Africa
294,Dominica,321.0,DMA,40.0,95.0,93.0,148.0,204.0,132.0,198.0,471.0,428.0,454.0,484.0,366.0,287.0,125.0,244.0,345.0,229.0,298.0,510.0,Latin America and the Caribbean
295,Dominican Republic,243.0,DOM,17811.0,17465.0,21195.0,22515.0,26159.0,30506.0,27503.0,38068.0,28024.0,31879.0,49414.0,53870.0,46109.0,41566.0,41311.0,44577.0,50610.0,61161.0,58520.0,Latin America and the Caribbean
296,Ecuador,248.0,ECU,8882.0,7651.0,9665.0,10561.0,7066.0,8626.0,11608.0,17489.0,12248.0,11663.0,12128.0,11492.0,11103.0,9342.0,10591.0,10960.0,10187.0,10757.0,10594.0,Latin America and the Caribbean
297,Egypt,469.0,EGY,4421.0,4450.0,5159.0,4852.0,3348.0,5522.0,7905.0,10500.0,9267.0,8712.0,8844.0,8978.0,7778.0,8988.0,10294.0,11477.0,12085.0,12045.0,9834.0,Africa
298,El Salvador,253.0,SLV,14581.0,22543.0,31089.0,31060.0,28231.0,29807.0,21359.0,31782.0,21127.0,19659.0,19909.0,18806.0,18667.0,16256.0,18260.0,19273.0,19487.0,23449.0,25109.0,Latin America and the Caribbean
299,Equatorial Guinea,642.0,GNQ,,5.0,3.0,8.0,,13.0,10.0,13.0,4.0,16.0,32.0,12.0,13.0,20.0,18.0,15.0,25.0,18.0,20.0,Africa
300,Eritrea,643.0,ERI,325.0,382.0,540.0,560.0,556.0,675.0,796.0,1593.0,1081.0,1270.0,1928.0,1656.0,2102.0,2643.0,2138.0,2002.0,2220.0,2267.0,2449.0,Africa
301,Estonia,939.0,EST,142.0,239.0,348.0,343.0,235.0,322.0,438.0,423.0,368.0,287.0,282.0,260.0,191.0,227.0,211.0,220.0,189.0,211.0,176.0,Europe
302,Ethiopia,644.0,ETH,4262.0,4053.0,5092.0,7565.0,6635.0,8286.0,10571.0,16152.0,12786.0,12917.0,15462.0,14266.0,13793.0,14544.0,13097.0,12300.0,11394.0,13232.0,14637.0,Africa
303,Fiji,819.0,FJI,1599.0,1483.0,1452.0,1208.0,1095.0,1593.0,1422.0,2115.0,1637.0,1176.0,1194.0,1201.0,1041.0,853.0,895.0,802.0,875.0,866.0,805.0,Oceania
304,Finland,172.0,FIN,307.0,377.0,497.0,426.0,241.0,388.0,574.0,542.0,426.0,302.0,423.0,397.0,363.0,348.0,331.0,350.0,407.0,489.0,439.0,Europe
305,France,132.0,FRA,2196.0,3442.0,4569.0,3797.0,2375.0,3595.0,4399.0,4258.0,3494.0,4935.0,4569.0,3919.0,3653.0,3862.0,4425.0,4284.0,4693.0,5159.0,4782.0,Europe
368,Gabon,646.0,GAB,4.0,18.0,32.0,41.0,40.0,50.0,66.0,85.0,95.0,82.0,171.0,138.0,204.0,197.0,127.0,167.0,146.0,165.0,150.0,Africa
400,Georgia,915.0,GEO,310.0,493.0,786.0,886.0,735.0,964.0,1389.0,2003.0,1554.0,1620.0,1578.0,1518.0,1490.0,1341.0,1368.0,1240.0,1410.0,1635.0,1629.0,Asia
401,Germany,134.0,DEU,5166.0,7565.0,9790.0,8888.0,5064.0,7099.0,9264.0,8436.0,7582.0,7091.0,7583.0,6888.0,6125.0,5812.0,6032.0,5584.0,5436.0,5306.0,4662.0,Europe
402,Ghana,652.0,GHA,3707.0,4339.0,4023.0,4248.0,4410.0,5337.0,6491.0,9367.0,7610.0,8195.0,8401.0,7429.0,8798.0,10592.0,10265.0,7115.0,6186.0,6949.0,8455.0,Africa
403,Greece,174.0,GRC,719.0,950.0,1155.0,1009.0,651.0,769.0,1070.0,1124.0,882.0,769.0,798.0,745.0,949.0,1054.0,1361.0,1235.0,1211.0,1451.0,1314.0,Europe
404,Grenada,328.0,GRD,661.0,655.0,645.0,634.0,481.0,609.0,840.0,1068.0,751.0,784.0,748.0,664.0,579.0,671.0,687.0,633.0,525.0,585.0,544.0,Latin America and the Caribbean
436,Guatemala,258.0,GTM,7294.0,9942.0,13496.0,16178.0,14386.0,18920.0,16818.0,24133.0,17908.0,16182.0,12187.0,10467.0,11092.0,10341.0,10224.0,10238.0,11773.0,13002.0,13198.0,Latin America and the Caribbean
437,Guinea,656.0,GIN,5.0,3.0,11.0,16.0,29.0,347.0,495.0,1110.0,1088.0,1735.0,1725.0,1379.0,1555.0,1656.0,1518.0,1375.0,1389.0,1501.0,1348.0,Africa
438,Guinea-Bissau,654.0,GNB,134.0,204.0,273.0,289.0,176.0,5.0,26.0,25.0,25.0,17.0,20.0,30.0,29.0,47.0,43.0,30.0,39.0,37.0,48.0,Africa
439,Guyana,336.0,GUY,3290.0,5719.0,8279.0,9938.0,6809.0,6351.0,9317.0,9552.0,5726.0,6823.0,6670.0,6749.0,6599.0,5683.0,5897.0,6267.0,5543.0,5771.0,5468.0,Latin America and the Caribbean
440,Haiti,263.0,HTI,16514.0,22337.0,27031.0,20213.0,12293.0,14191.0,14524.0,22226.0,30405.0,26007.0,24280.0,22582.0,22111.0,22818.0,20351.0,15274.0,16967.0,23584.0,21824.0,Latin America and the Caribbean
441,Honduras,268.0,HND,4793.0,5917.0,6571.0,6435.0,4645.0,5508.0,7012.0,8177.0,7646.0,6540.0,6404.0,6448.0,6133.0,6884.0,8898.0,8156.0,9274.0,13302.0,11387.0,Latin America and the Caribbean
442,Hong Kong SAR,532.0,HKG,4910.0,5407.0,8300.0,6075.0,3574.0,3951.0,3705.0,3256.0,3527.0,3373.0,2651.0,2432.0,2306.0,2104.0,2226.0,2278.0,2085.0,2510.0,2415.0,Asia
443,Hungary,944.0,HUN,694.0,1023.0,1263.0,1274.0,1021.0,1272.0,1567.0,1704.0,1266.0,1127.0,1314.0,1022.0,1044.0,1054.0,1052.0,996.0,1095.0,1048.0,972.0,Europe
444,Iceland,176.0,ISL,79.0,129.0,134.0,93.0,97.0,105.0,135.0,145.0,95.0,122.0,131.0,105.0,90.0,103.0,139.0,86.0,104.0,97.0,86.0,Europe
445,India,534.0,IND,30157.0,41903.0,70032.0,70823.0,50228.0,70151.0,84680.0,61369.0,65353.0,63352.0,57304.0,69162.0,69013.0,66434.0,68458.0,77908.0,64116.0,64687.0,60394.0,Asia
446,Indonesia,536.0,IDN,1186.0,1767.0,2525.0,2418.0,1805.0,2419.0,3924.0,4868.0,3716.0,3606.0,3679.0,3032.0,2856.0,2603.0,2731.0,2139.0,2084.0,2129.0,1914.0,Asia
447,Islamic Republic of Iran,429.0,IRN,7176.0,8487.0,10425.0,12960.0,7230.0,10434.0,13887.0,13947.0,10460.0,13852.0,18553.0,14182.0,14822.0,12916.0,12863.0,11615.0,13114.0,13298.0,13791.0,Asia
448,Iraq,433.0,IRQ,3360.0,5087.0,4965.0,5174.0,2450.0,3494.0,4077.0,4337.0,3765.0,4795.0,12110.0,19855.0,21133.0,20369.0,9552.0,19153.0,21107.0,18904.0,14203.0,Asia
449,Ireland,178.0,IRL,804.0,1296.0,1505.0,1398.0,983.0,1531.0,2088.0,1906.0,1503.0,1465.0,1637.0,1507.0,1371.0,1514.0,1626.0,1605.0,1607.0,1759.0,1485.0,Europe
450,Israel,436.0,ISR,1847.0,2783.0,3744.0,3826.0,2741.0,4160.0,5755.0,5943.0,4496.0,5851.0,5612.0,4515.0,3826.0,4153.0,3996.0,3805.0,3965.0,4142.0,3802.0,Asia
451,Italy,136.0,ITA,1512.0,2448.0,3096.0,2578.0,1644.0,2346.0,3066.0,3215.0,2569.0,2514.0,2892.0,2579.0,2443.0,2673.0,2960.0,3298.0,3544.0,4078.0,3655.0,Europe
452,Jamaica,343.0,JAM,14693.0,15949.0,15322.0,14835.0,13347.0,14430.0,18345.0,24976.0,19375.0,18477.0,21783.0,19825.0,19662.0,20705.0,19400.0,19026.0,17642.0,23350.0,21905.0,Latin America and the Caribbean
453,Japan,158.0,JPN,4202.0,7049.0,9578.0,8248.0,5971.0,7697.0,8768.0,8265.0,6748.0,6821.0,7690.0,6264.0,6161.0,6061.0,5925.0,5545.0,5395.0,5207.0,4635.0,Asia
454,Jordan,439.0,JOR,3269.0,3900.0,4572.0,3964.0,2927.0,3431.0,3748.0,4038.0,3917.0,3936.0,4282.0,3868.0,3876.0,4099.0,4188.0,5187.0,4664.0,5269.0,5264.0,Asia
455,Kazakhstan,916.0,KAZ,723.0,1493.0,2310.0,2315.0,1740.0,1906.0,2223.0,2073.0,1604.0,1630.0,1562.0,1282.0,1235.0,1202.0,1241.0,1221.0,1201.0,1310.0,1377.0,Asia
456,Kenya,664.0,KEN,1407.0,2197.0,2501.0,3199.0,3209.0,5335.0,5347.0,8779.0,7030.0,6998.0,9880.0,7421.0,7762.0,7043.0,6123.0,5884.0,5602.0,6274.0,6957.0,Africa
457,Kiribati,826.0,KIR,0.0,3.0,0.0,,4.0,,4.0,8.0,10.0,4.0,10.0,6.0,,6.0,,6.0,4.0,9.0,,Oceania
458,Kosovo,967.0,UVK,,,,,,,,,,,,355.0,670.0,782.0,839.0,758.0,814.0,1020.0,1014.0,Europe
459,Kuwait,443.0,KWT,801.0,1015.0,1258.0,1056.0,707.0,1091.0,1152.0,1230.0,1017.0,1104.0,1124.0,1037.0,973.0,1044.0,937.0,1057.0,1055.0,1186.0,1177.0,Asia
460,Kyrgyz Republic,917.0,KGZ,189.0,388.0,582.0,473.0,356.0,439.0,656.0,785.0,597.0,632.0,574.0,507.0,542.0,648.0,652.0,707.0,790.0,847.0,715.0,Asia
461,Lao P.D.R.,544.0,LAO,846.0,1358.0,1398.0,1245.0,896.0,1147.0,1242.0,2892.0,2575.0,2198.0,1688.0,1200.0,956.0,949.0,923.0,806.0,917.0,856.0,685.0,Asia
462,Latvia,941.0,LVA,444.0,548.0,711.0,683.0,458.0,605.0,768.0,892.0,568.0,455.0,444.0,435.0,426.0,436.0,424.0,384.0,480.0,391.0,359.0,Europe
463,Lebanon,446.0,LBN,3033.0,3662.0,4579.0,3935.0,2956.0,3818.0,4282.0,4083.0,4267.0,4254.0,3831.0,3487.0,3295.0,2879.0,2783.0,3245.0,2813.0,2971.0,2818.0,Asia
464,Lesotho,666.0,LSO,5.0,9.0,6.0,13.0,5.0,14.0,12.0,18.0,14.0,16.0,14.0,23.0,25.0,17.0,20.0,13.0,23.0,19.0,24.0,Africa
465,Liberia,668.0,LBR,1351.0,1570.0,2273.0,2869.0,1766.0,2757.0,4880.0,6887.0,4102.0,7193.0,7641.0,4837.0,4151.0,4109.0,3334.0,3874.0,3795.0,3619.0,4155.0,Africa
466,Libya,672.0,LBY,156.0,180.0,223.0,158.0,140.0,185.0,223.0,271.0,186.0,285.0,296.0,355.0,357.0,315.0,376.0,524.0,734.0,642.0,780.0,Africa
467,Lithuania,946.0,LTU,1147.0,1349.0,1732.0,1786.0,2266.0,2480.0,2417.0,1885.0,1361.0,967.0,1069.0,985.0,936.0,924.0,854.0,747.0,750.0,735.0,645.0,Europe
468,Luxembourg,137.0,LUX,11.0,26.0,34.0,32.0,16.0,13.0,35.0,28.0,39.0,28.0,30.0,22.0,24.0,19.0,40.0,26.0,27.0,34.0,33.0,Europe
469,Macao SAR,546.0,MAC,294.0,270.0,340.0,284.0,244.0,192.0,133.0,189.0,178.0,205.0,158.0,143.0,130.0,120.0,106.0,105.0,99.0,109.0,109.0,Asia
501,Madagascar,674.0,MDG,26.0,33.0,61.0,43.0,40.0,54.0,60.0,72.0,53.0,77.0,71.0,80.0,83.0,79.0,95.0,86.0,72.0,88.0,60.0,Africa
502,Malawi,676.0,MWI,41.0,61.0,70.0,56.0,62.0,83.0,131.0,131.0,123.0,133.0,164.0,164.0,123.0,192.0,159.0,172.0,160.0,205.0,228.0,Africa
503,Malaysia,548.0,MYS,991.0,1551.0,2439.0,2124.0,1200.0,1987.0,2632.0,2281.0,2149.0,1945.0,2014.0,1714.0,2273.0,2605.0,2477.0,2622.0,2749.0,3382.0,4109.0,Asia
504,Maldives,556.0,MDV,0.0,,9.0,9.0,15.0,7.0,6.0,,9.0,,6.0,5.0,3.0,3.0,5.0,13.0,8.0,11.0,5.0,Asia
505,Mali,678.0,MLI,72.0,109.0,119.0,105.0,124.0,163.0,277.0,408.0,412.0,523.0,576.0,528.0,629.0,734.0,667.0,604.0,587.0,598.0,544.0,Africa
506,Malta,181.0,MLT,43.0,54.0,57.0,44.0,37.0,57.0,74.0,70.0,53.0,66.0,58.0,74.0,51.0,62.0,43.0,39.0,58.0,65.0,75.0,Europe
507,Marshall Islands,867.0,MHL,3.0,3.0,,26.0,26.0,48.0,32.0,53.0,48.0,39.0,48.0,37.0,38.0,50.0,46.0,56.0,32.0,32.0,23.0,Oceania
539,Mauritania,682.0,MRT,24.0,88.0,117.0,124.0,131.0,170.0,275.0,720.0,651.0,844.0,597.0,495.0,393.0,410.0,354.0,320.0,298.0,317.0,287.0,Africa
540,Mauritius,684.0,MUS,38.0,54.0,84.0,83.0,57.0,65.0,99.0,108.0,88.0,83.0,110.0,84.0,101.0,77.0,83.0,81.0,96.0,110.0,96.0,Africa
541,Mexico,273.0,MEX,147402.0,173493.0,205560.0,218822.0,115585.0,175411.0,161445.0,173749.0,148640.0,189989.0,164920.0,139120.0,143446.0,146406.0,135028.0,134052.0,158619.0,174534.0,170581.0,Latin America and the Caribbean
542,Micronesia,868.0,FSM,,5.0,9.0,,4.0,5.0,6.0,12.0,7.0,13.0,16.0,10.0,9.0,13.0,4.0,5.0,6.0,11.0,6.0,Oceania
574,Mongolia,948.0,MNG,41.0,46.0,102.0,135.0,153.0,229.0,323.0,497.0,530.0,659.0,831.0,594.0,774.0,691.0,729.0,651.0,644.0,750.0,661.0,Asia
575,Montenegro,943.0,MNE,,,,,,,,,,,,120.0,204.0,265.0,265.0,289.0,251.0,387.0,323.0,Europe
607,Morocco,686.0,MAR,2970.0,3614.0,4958.0,3387.0,3137.0,4128.0,4411.0,4949.0,4513.0,4425.0,5447.0,5013.0,4399.0,3656.0,3336.0,3605.0,3710.0,4586.0,4229.0,Africa
608,Mozambique,688.0,MOZ,31.0,41.0,48.0,54.0,36.0,59.0,54.0,78.0,81.0,69.0,66.0,53.0,60.0,94.0,73.0,71.0,107.0,101.0,96.0,Africa
609,Namibia,728.0,NAM,13.0,30.0,54.0,46.0,40.0,40.0,63.0,56.0,57.0,46.0,53.0,60.0,43.0,59.0,57.0,44.0,86.0,87.0,130.0,Africa
610,Nepal,558.0,NPL,453.0,616.0,945.0,1137.0,2095.0,2878.0,3158.0,3733.0,3472.0,4093.0,4514.0,7115.0,10166.0,11312.0,13046.0,12357.0,12926.0,12851.0,11610.0,Asia
611,Netherlands,138.0,NLD,773.0,1337.0,1679.0,1549.0,981.0,1303.0,1815.0,1651.0,1368.0,1240.0,1499.0,1321.0,1085.0,1091.0,1142.0,1195.0,1309.0,1319.0,1056.0,Europe
674,New Zealand,196.0,NZL,522.0,964.0,1205.0,1117.0,877.0,1131.0,1293.0,1100.0,1047.0,893.0,947.0,919.0,803.0,814.0,921.0,796.0,855.0,846.0,798.0,Oceania
675,Nicaragua,278.0,NIC,13327.0,20947.0,19634.0,10659.0,4094.0,4009.0,3305.0,4145.0,3716.0,3614.0,4137.0,3565.0,3401.0,3046.0,3048.0,2886.0,3324.0,3486.0,3072.0,Latin America and the Caribbean
676,Niger,692.0,NER,12.0,30.0,1330.0,1263.0,808.0,62.0,126.0,116.0,97.0,107.0,183.0,96.0,96.0,48.0,37.0,71.0,55.0,119.0,116.0,Africa
677,Nigeria,694.0,NGA,6742.0,7831.0,8253.0,8105.0,7872.0,9374.0,10597.0,13459.0,12448.0,12475.0,15253.0,13376.0,11824.0,13575.0,13840.0,12828.0,11542.0,14380.0,13539.0,Africa
709,Norway,142.0,NOR,307.0,459.0,547.0,431.0,320.0,405.0,423.0,481.0,343.0,350.0,407.0,334.0,339.0,276.0,335.0,271.0,310.0,362.0,290.0,Europe
710,Oman,449.0,OMN,40.0,51.0,55.0,61.0,76.0,122.0,101.0,155.0,103.0,70.0,74.0,63.0,60.0,74.0,73.0,90.0,85.0,116.0,104.0,Asia
711,Pakistan,564.0,PAK,13485.0,14504.0,16393.0,13694.0,9415.0,12086.0,14926.0,17418.0,13492.0,19719.0,21555.0,18258.0,15546.0,14740.0,13251.0,18612.0,18057.0,19313.0,17408.0,Asia
712,Palau,565.0,PLW,,3.0,,10.0,8.0,6.0,8.0,8.0,11.0,6.0,16.0,18.0,7.0,10.0,16.0,12.0,15.0,14.0,13.0,Oceania
713,Panama,283.0,PAN,1640.0,1829.0,1867.0,1680.0,1164.0,1417.0,1815.0,2418.0,1916.0,1678.0,1806.0,1536.0,1374.0,1281.0,1234.0,1095.0,1052.0,1029.0,889.0,Latin America and the Caribbean
714,Papua New Guinea,853.0,PNG,14.0,21.0,26.0,26.0,34.0,19.0,44.0,30.0,31.0,15.0,19.0,30.0,20.0,21.0,27.0,18.0,11.0,23.0,18.0,Oceania
715,Paraguay,288.0,PRY,216.0,338.0,401.0,356.0,207.0,328.0,516.0,719.0,545.0,481.0,530.0,467.0,500.0,467.0,448.0,391.0,382.0,434.0,391.0,Latin America and the Caribbean
716,Peru,293.0,PER,8414.0,9579.0,11062.0,11918.0,9409.0,11794.0,15676.0,21718.0,17699.0,15184.0,16957.0,14247.0,14064.0,12609.0,12564.0,10606.0,10148.0,10940.0,10115.0,Latin America and the Caribbean
717,Philippines,566.0,PHL,30943.0,42343.0,52919.0,51040.0,45250.0,57846.0,60746.0,74606.0,72596.0,54030.0,60029.0,58173.0,57011.0,57327.0,54446.0,49996.0,56478.0,53287.0,49147.0,Asia
718,Poland,964.0,POL,8773.0,10090.0,11769.0,12711.0,10510.0,14326.0,15351.0,17051.0,10355.0,8354.0,8754.0,7643.0,6863.0,6300.0,6430.0,5689.0,5275.0,5603.0,4845.0,Europe
719,Portugal,182.0,PRT,1058.0,1343.0,1609.0,1313.0,808.0,1069.0,1125.0,1409.0,1019.0,772.0,946.0,755.0,821.0,811.0,918.0,892.0,857.0,1006.0,939.0,Europe
720,Qatar,453.0,QAT,78.0,97.0,125.0,108.0,72.0,125.0,174.0,226.0,138.0,151.0,134.0,148.0,193.0,141.0,191.0,202.0,229.0,272.0,224.0,Asia
721,Republic of Congo,634.0,COG,190.0,189.0,311.0,677.0,513.0,670.0,1064.0,1600.0,972.0,950.0,1563.0,968.0,1371.0,1461.0,1059.0,552.0,496.0,625.0,632.0,Africa
722,Moldova,921.0,MDA,753.0,1251.0,2068.0,2103.0,1151.0,1507.0,3506.0,3036.0,1356.0,1692.0,2295.0,1981.0,2258.0,2021.0,2485.0,2341.0,2496.0,2929.0,2480.0,Europe
723,Romania,968.0,ROU,5678.0,6863.0,6628.0,4887.0,3655.0,4571.0,7103.0,7137.0,5802.0,4930.0,4910.0,4003.0,3882.0,3748.0,3773.0,3246.0,3376.0,3554.0,2953.0,Europe
724,Russia,922.0,RUS,17343.0,20203.0,23020.0,23174.0,15007.0,18339.0,20954.0,19388.0,14516.0,16965.0,14149.0,11696.0,11631.0,11265.0,11017.0,10215.0,9821.0,10339.0,9857.0,Europe
725,Rwanda,714.0,RWA,97.0,73.0,148.0,217.0,109.0,163.0,276.0,502.0,357.0,378.0,952.0,489.0,520.0,592.0,540.0,555.0,732.0,1357.0,1394.0,Africa
726,St. Kitts and Nevis,361.0,KNA,463.0,500.0,463.0,342.0,310.0,299.0,342.0,458.0,347.0,363.0,310.0,339.0,350.0,311.0,259.0,263.0,222.0,250.0,238.0,Latin America and the Caribbean
727,St. Lucia,362.0,LCA,529.0,599.0,674.0,583.0,488.0,616.0,832.0,1212.0,928.0,946.0,1027.0,872.0,785.0,919.0,853.0,844.0,739.0,777.0,777.0,Latin America and the Caribbean
728,St. Vincent and the Grenadines,364.0,VCT,442.0,497.0,559.0,480.0,322.0,400.0,625.0,756.0,567.0,568.0,591.0,576.0,468.0,503.0,529.0,448.0,415.0,422.0,361.0,Latin America and the Caribbean
729,Samoa,862.0,WSM,91.0,184.0,165.0,157.0,178.0,203.0,173.0,283.0,290.0,227.0,250.0,219.0,267.0,238.0,237.0,239.0,207.0,219.0,194.0,Oceania
730,Sao Tome and Principe,716.0,STP,1.0,8.0,,4.0,,9.0,8.0,6.0,7.0,7.0,11.0,10.0,9.0,12.0,6.0,5.0,6.0,12.0,10.0,Africa
731,Saudi Arabia,456.0,SAU,759.0,1063.0,1178.0,1014.0,735.0,906.0,1210.0,1542.0,1171.0,1194.0,1418.0,1263.0,1396.0,1343.0,1463.0,1696.0,1744.0,2117.0,2135.0,Asia
732,Senegal,722.0,SEN,368.0,554.0,663.0,530.0,522.0,769.0,913.0,1367.0,1024.0,1149.0,1524.0,1285.0,1424.0,1615.0,1340.0,1273.0,1244.0,1533.0,1470.0,Africa
733,Serbia,942.0,SRB,,,,,,,,,,,,20.0,244.0,704.0,866.0,1143.0,1278.0,1351.0,1410.0,Europe
734,Serbia,942.0,SRB,1886.0,2742.0,6203.0,10387.0,2994.0,3331.0,5202.0,5891.0,3586.0,3255.0,3166.0,2196.0,1398.0,801.0,653.0,267.0,232.0,202.0,144.0,Europe
735,Seychelles,718.0,SYC,10.0,18.0,18.0,20.0,16.0,25.0,16.0,15.0,7.0,16.0,10.0,8.0,15.0,7.0,6.0,7.0,11.0,16.0,10.0,Africa
736,Sierra Leone,724.0,SLE,970.0,1585.0,1878.0,2246.0,1492.0,1596.0,2731.0,3572.0,1999.0,2795.0,2687.0,2011.0,1985.0,1688.0,1651.0,1740.0,1599.0,1535.0,2058.0,Africa
737,Singapore,576.0,SGP,355.0,668.0,1100.0,1033.0,582.0,966.0,1204.0,997.0,985.0,922.0,832.0,774.0,690.0,712.0,835.0,779.0,781.0,812.0,818.0,Asia
769,Slovak Republic,936.0,SVK,492.0,549.0,809.0,725.0,674.0,800.0,965.0,1111.0,763.0,653.0,706.0,538.0,594.0,528.0,507.0,460.0,424.0,483.0,388.0,Europe
770,Slovenia,961.0,SVN,58.0,76.0,142.0,140.0,64.0,88.0,114.0,115.0,87.0,79.0,108.0,74.0,69.0,86.0,62.0,78.0,107.0,119.0,108.0,Europe
771,Solomon Islands,813.0,SLB,,7.0,7.0,7.0,5.0,6.0,3.0,5.0,10.0,7.0,,,,,,,,,,Oceania
772,Somalia,726.0,SOM,1690.0,2393.0,3007.0,4535.0,2444.0,3929.0,5829.0,9462.0,6251.0,10745.0,13390.0,4558.0,4451.0,5204.0,3764.0,5190.0,6796.0,6958.0,7404.0,Africa
773,South Africa,199.0,ZAF,1577.0,2824.0,4090.0,3861.0,2210.0,3370.0,4536.0,3201.0,2988.0,2723.0,3171.0,2758.0,2649.0,2781.0,2629.0,2676.0,2907.0,3023.0,2912.0,Africa
774,Korea,542.0,KOR,12795.0,15721.0,20532.0,20724.0,12382.0,19766.0,26562.0,24386.0,22405.0,26666.0,25859.0,22227.0,22824.0,20846.0,23166.0,20423.0,17138.0,21801.0,19194.0,Asia
775,South Sudan,733.0,SSD,,,,,,,,,,,,,,17.0,59.0,74.0,127.0,124.0,160.0,Africa
776,Spain,184.0,ESP,869.0,1254.0,1711.0,1361.0,917.0,1339.0,1888.0,1971.0,1578.0,1621.0,1769.0,1684.0,1890.0,1842.0,2480.0,2928.0,3303.0,3519.0,3045.0,Europe
777,Sri Lanka,524.0,LKA,899.0,1118.0,1505.0,1529.0,1246.0,1431.0,1894.0,2191.0,1831.0,1935.0,2009.0,2036.0,2053.0,1994.0,1847.0,1767.0,1763.0,1913.0,1627.0,Asia
778,Sudan,732.0,SDN,1346.0,1531.0,1650.0,2921.0,1883.0,3211.0,5231.0,5504.0,2930.0,3598.0,3577.0,2397.0,2628.0,2471.0,1945.0,2442.0,3580.0,3159.0,3515.0,Africa
779,Suriname,366.0,SUR,141.0,256.0,245.0,247.0,180.0,166.0,300.0,314.0,197.0,218.0,227.0,216.0,196.0,187.0,178.0,158.0,134.0,156.0,136.0,Latin America and the Caribbean
780,Eswatini,734.0,SWZ,8.0,12.0,18.0,12.0,23.0,15.0,16.0,11.0,13.0,18.0,42.0,22.0,19.0,24.0,15.0,23.0,19.0,20.0,19.0,Africa
781,Sweden,144.0,SWE,821.0,1264.0,1682.0,1376.0,963.0,1270.0,1517.0,1376.0,1145.0,1019.0,1138.0,1097.0,979.0,968.0,1106.0,954.0,1066.0,1144.0,950.0,Europe
782,Switzerland,146.0,CHE,647.0,1029.0,1298.0,1004.0,632.0,855.0,1092.0,983.0,705.0,720.0,798.0,675.0,615.0,635.0,697.0,656.0,640.0,743.0,565.0,Europe
783,Syria,463.0,SYR,2048.0,2367.0,3350.0,2557.0,1938.0,2256.0,2831.0,2918.0,2385.0,2641.0,2442.0,2555.0,2785.0,3014.0,3366.0,3540.0,3840.0,4800.0,5877.0,Asia
784,Taiwan Province of China,528.0,TWN,6700.0,9019.0,12120.0,9775.0,6917.0,9005.0,9196.0,8086.0,8990.0,9073.0,8038.0,6732.0,6154.0,5331.0,5385.0,4697.0,4888.0,5120.0,4858.0,Asia
785,Tajikistan,923.0,TJK,104.0,156.0,187.0,181.0,137.0,167.0,207.0,239.0,172.0,231.0,265.0,299.0,382.0,411.0,550.0,516.0,595.0,593.0,652.0,Asia
786,Tanzania,738.0,TZA,313.0,480.0,476.0,577.0,554.0,747.0,829.0,949.0,832.0,838.0,2773.0,1850.0,1427.0,1516.0,837.0,774.0,799.0,788.0,1415.0,Africa
787,Thailand,578.0,THA,2366.0,3753.0,4245.0,4144.0,3126.0,4318.0,5505.0,11749.0,8751.0,6637.0,10444.0,9384.0,9962.0,9459.0,7583.0,6197.0,7502.0,7039.0,6311.0,Asia
788,Togo,742.0,TGO,254.0,386.0,487.0,935.0,1187.0,2041.0,1523.0,1720.0,1565.0,1661.0,1680.0,1563.0,1506.0,1756.0,1257.0,1612.0,1547.0,1938.0,1572.0,Africa
789,Tonga,866.0,TON,281.0,349.0,327.0,331.0,238.0,327.0,309.0,437.0,438.0,365.0,379.0,343.0,408.0,276.0,348.0,320.0,327.0,283.0,262.0,Oceania
790,Trinidad and Tobago,369.0,TTO,4259.0,6635.0,6618.0,5738.0,4138.0,5384.0,6568.0,8854.0,6829.0,5937.0,6256.0,5435.0,5023.0,5214.0,4724.0,3988.0,3212.0,3469.0,3100.0,Latin America and the Caribbean
791,Tunisia,744.0,TUN,150.0,307.0,438.0,540.0,353.0,457.0,495.0,510.0,417.0,410.0,416.0,418.0,440.0,422.0,445.0,429.0,518.0,518.0,535.0,Africa
792,Turkey,186.0,TUR,2215.0,2606.0,3215.0,3375.0,3029.0,3835.0,4614.0,4941.0,4425.0,4210.0,4958.0,4483.0,4403.0,4162.0,4144.0,3834.0,4201.0,4469.0,4844.0,Asia
793,Turkmenistan,925.0,TKM,65.0,97.0,94.0,93.0,84.0,117.0,148.0,248.0,217.0,274.0,290.0,224.0,260.0,223.0,210.0,254.0,226.0,235.0,251.0,Asia
856,Uganda,746.0,UGA,250.0,418.0,457.0,575.0,455.0,721.0,858.0,1372.0,1122.0,1174.0,1364.0,1085.0,1239.0,1340.0,1350.0,1409.0,1664.0,1649.0,1898.0,Africa
857,Ukraine,926.0,UKR,10102.0,15511.0,20914.0,21190.0,11633.0,14156.0,22745.0,17140.0,11001.0,10813.0,11223.0,8477.0,8292.0,7642.0,8193.0,7752.0,7987.0,10422.0,10135.0,Europe
858,United Arab Emirates,466.0,ARE,310.0,435.0,460.0,472.0,380.0,586.0,812.0,1006.0,758.0,693.0,697.0,779.0,707.0,854.0,910.0,1039.0,1193.0,1370.0,1314.0,Asia
859,United Kingdom,112.0,GBR,7647.0,13273.0,18278.0,16297.0,9527.0,14915.0,19800.0,17207.0,14545.0,14348.0,15748.0,12792.0,11572.0,12014.0,12984.0,12225.0,12592.0,12673.0,10948.0,Europe
860,United States,111.0,USA,29.0,35.0,63.0,64.0,32.0,57.0,183.0,333.0,171.0,216.0,181.0,201.0,269.0,279.0,319.0,358.0,370.0,468.0,409.0,Northern America
861,Uruguay,298.0,URY,267.0,426.0,541.0,536.0,469.0,787.0,1154.0,1664.0,1418.0,1451.0,1775.0,1331.0,1553.0,1374.0,1352.0,1128.0,1078.0,972.0,1001.0,Latin America and the Caribbean
862,Uzbekistan,927.0,UZB,1221.0,1631.0,2031.0,2317.0,1445.0,1995.0,2887.0,4015.0,4665.0,6375.0,5467.0,4770.0,5056.0,4726.0,4382.0,5194.0,3977.0,4359.0,4095.0,Asia
863,Venezuela,299.0,VEN,2498.0,4693.0,5170.0,5228.0,4018.0,6220.0,10645.0,11341.0,10692.0,10514.0,11154.0,9409.0,9183.0,9387.0,9572.0,8427.0,9144.0,10772.0,11809.0,Latin America and the Caribbean
864,Vietnam,582.0,VNM,20335.0,26553.0,35419.0,33563.0,22087.0,31524.0,32784.0,30691.0,28691.0,31497.0,29234.0,30632.0,34157.0,28304.0,27101.0,30283.0,30832.0,41451.0,38231.0,Asia
865,Yemen,474.0,YEM,1160.0,1789.0,1607.0,1227.0,1382.0,1760.0,3366.0,4308.0,2396.0,1872.0,3134.0,3591.0,3361.0,2620.0,3532.0,3492.0,3194.0,13040.0,6029.0,Asia
866,Zambia,754.0,ZMB,143.0,211.0,295.0,308.0,280.0,359.0,499.0,672.0,576.0,613.0,704.0,628.0,652.0,643.0,505.0,441.0,460.0,487.0,537.0,Africa
867,Zimbabwe,698.0,ZWE,184.0,322.0,475.0,484.0,358.0,628.0,923.0,1049.0,1057.0,953.0,983.0,1274.0,1016.0,914.0,924.0,797.0,779.0,815.0,810.0,Africa
