Country,WEO,ISO,1980,1981,1982,1983,1984,1985,1986,1987,1988,1989,1990,1991,1992,1993,1994,1995,1996,1997,1998,1999,2000,2001,2002,2003,2004,2005,2006,2007,2008,2009,2010,2011,2012,2013,2014,2015,2016,2017
Afghanistan,512,AFG,,,,,,,,,,,,,,,,,,,,,,,196.683,196.954,214.23,248.049,270.189,321.441,377.256,430.867,532.072,602.183,661.087,635.635,629.332,594.513,560.601,569.531
Albania,914,ALB,728.359,817.734,824.542,815.529,788.332,788.801,855.724,832.245,805.046,860.784,675.736,408.022,259.75,452.623,736.028,903.989,1009.967,717.381,818.32,1032.264,1127.64,1283.573,1425.125,1846.119,2373.58,2673.729,2975.623,3594.101,4377.04,4130.929,4098.125,4438.925,4248.814,4422.674,4575.416,3944.876,4126.557,4539.247
Algeria,612,DZA,2268.607,2305.505,2254.328,2316.679,2432.717,2753.697,2698.915,2705.111,2143.742,2127.866,2473.512,1819.984,1873.422,1894.946,1542.974,1499.143,1643.265,1658.732,1633.09,1630.071,1794.695,1768.577,1806.86,2128.385,2636.309,3141.027,3508.959,3986.564,4943.502,3886.059,4480.719,5453.894,5574.507,5477.055,5466.329,4153.322,3921.291,4016.087
Angola,614,AGO,745.119,679.02,661.52,671.804,693.779,758.525,690.446,769.563,812.794,920.268,986.639,928.506,695.059,489.755,346.239,419.529,525.403,599.077,493.041,452.677,652.11,619.697,841.42,951.969,1222.038,1862.424,2561.859,3099.087,4081.688,3146.802,3641.444,4716.253,5245.023,5436.516,5625.736,4354.921,3676.826,4303.696
Antigua and Barbuda,311,ATG,1920.27,2177.102,2448.568,2752.963,3200.967,3764.001,4617.601,5455.277,6547.27,7273.222,7623.412,7927.571,8084.421,8474.018,9097.242,8675.225,9266.488,9678.3,10074.768,10349.505,10981.376,10414.643,10482.368,10893.152,11582.523,12738.001,14264.568,15996.056,16514.078,14616.947,13613.471,13346.768,14006.82,13646.242,14436.522,15219.198,16225.279,16619.974
Argentina,213,ARG,8106.24,6467.988,3158.507,3841.894,4241.377,3149.677,3739.41,3790.752,4386.527,2779.87,4709.661,6233.393,7420.317,7558.499,8125.908,8053.119,8385.153,8918.826,9005.377,8452.876,8386.587,7851.658,2898.289,3648.061,4314.397,5163.55,5976.082,7315.726,9146.79,8337.811,10412.945,12787.806,13889.792,14488.829,13208.831,14895.316,12772.868,14588.011
Armenia,911,ARM,,,,,,,,,,,,,31.321,247.884,196.98,399.576,503.774,521.869,608.415,597.241,620.638,692.287,779.122,923.387,1180.399,1628.063,2128.151,3079.031,3913.436,2911.763,3121.778,3417.172,3575.529,3732.035,3889.004,3529.026,3526.336,3857.179
Aruba,314,ABW,,,,,,,,,,,,,,,,16546.617,16620.854,17751.072,18825.012,19215.013,20678.398,20909.299,21081.787,21704.381,23421.303,23874.635,24389.24,26114.088,27204.889,24594.675,23468.6,24801.812,24236.809,24253.141,24599.296,24686.161,23988.63,24360.65
Australia,193,AUS,10986.404,12504.401,12211.324,11569.77,12550.975,10946.554,11223.65,12973.738,16214.863,18167.786,18833.861,18631.372,18082.035,17424.335,19703.657,20868.045,23106.852,22990.441,20346.819,21726.343,20851.865,19431.456,21644.925,27222.017,32750.675,36151.042,37868.932,45105.41,49151.941,45685.238,56453.828,67222.144,68436.219,65170.853,61652.281,51493.961,51982.827,55957.72
Austria,122,AUT,10731.961,9280.733,9267.669,9417.24,8882.634,9090.8,12886.102,16093.023,17632.824,17547.821,21827.452,22621.893,25068.411,24152.673,25725.571,30350.546,29820.613,26737.482,27399.085,27209.314,24631.577,24554.252,26482.842,32290.952,36871.579,38477.272,40672.614,46922.423,51953.557,48095.397,46958.519,51441.105,48615.817,50748.087,51814.366,44266.411,45105.749,47383.869
Azerbaijan,912,AZE,,,,,,,,,,,,,159.971,174.875,297.162,316.227,411.14,508.043,543.344,576.005,656.386,674.783,760.812,879.863,1039.818,1571.292,2458.421,3818.274,5578.556,4963.769,5880.806,7242.806,7545.873,7926.094,7939.169,5300.136,3897.707,4200.332
The Bahamas,313,BHS,12289.317,12493.757,13746.784,14958.649,15627.02,16797.767,17850.615,19326.116,19683.617,21814.317,20456.268,19767.724,19417.225,18979.015,19660.926,20271.258,20974.542,21951.765,23300.808,25780.484,26669.443,27060.515,28477.069,28043.468,28239.082,30269.043,30908.214,31894.404,31248.612,29296.501,29303.265,28906.982,30433.059,29836.143,30422.013,32378.731,32147.404,32660.566
Bahrain,419,BHR,10189.612,11061.394,11221.699,11117.659,11163.436,10182.368,7695.805,8049.364,9602.789,9668.043,10179.632,10252.365,10536.823,11290.27,11777.073,12143.091,12298.65,12422.116,11565.971,12210.221,14214.58,13894.343,13501.551,14486.061,15963.978,17966.224,19267.567,20908.338,23236.055,19465.292,20827.719,24080.43,25434.451,25965.311,25398.315,22714.299,22651.905,24399.252
Bangladesh,513,BGD,274.333,260.211,231.987,236.75,262.124,262.553,267.979,287.84,302.588,324.93,329.494,331.729,324.429,332.768,353.908,383.095,393.525,402.894,407.35,415.371,412.334,406.41,419.69,454.097,485.663,495.486,523.025,584.5,655.954,728.387,807.531,857.496,916.025,1030.028,1163.041,1303.18,1458.851,1605.994
Barbados,316,BRB,4036.509,4427.056,4611.693,4882.788,5308.313,5539.558,6062.784,6653.718,7052.007,7776.714,7772.174,7777.866,7464.866,7886.782,8194.382,8414.115,8938.565,9412.367,10573.109,11039.097,11337.027,11284.369,11442.562,11788.654,12612.206,13939.669,15334.01,16925.611,17254.227,16036.404,16203.257,16599.012,16371.952,16556.104,16572.311,16626.218,16984.99,17462.964
Belarus,913,BLR,,,,,,,,,,,,,1210.104,1076.142,1481.461,1000.204,1375.754,1341.854,1452.41,1165.601,1277.052,1247.469,1480.153,1811.855,2370.274,3115.513,3838.293,4726.479,6366.189,5345.325,6023.149,6472.739,6938.067,7977.147,8316.012,5941.24,5022.472,5757.286
Belgium,124,BEL,12596.432,10421.61,9177.46,8672.346,8288.99,8614.531,11937.381,14819.379,16094.351,16184.35,20227.662,20673.831,22945.228,21839.937,23750.957,28610.841,27747.949,25086.126,25602.963,25508.413,23298.473,23189.549,25186.003,30857.164,35711.777,37143.311,39020.109,44638.2,48850.72,45176.141,44691.381,47951.073,44977.07,46784.987,47550.179,40585.196,41545.958,43672.411
Belize,339,BLZ,1148.111,1193.646,1170.803,1200.667,1304.267,1258.664,1332.602,1518.633,1759.218,1976.865,2179.95,2291.929,2603.278,2729.91,2751.794,2863.58,2888.603,2845.15,2888.405,3013.08,3330.955,3388.367,3516.41,3618.466,3743.261,3818.446,4040.716,4143.093,4249.069,4135.734,4316.256,4475.07,4588.804,4599.123,4742.917,4811.578,4806.073,4828.354
Benin,638,BEN,463.279,302.87,290.907,249.415,257.923,270.981,338.366,391.603,398.296,359.376,424.693,419.748,450.629,423.975,285.164,370.875,390.36,363.909,380.166,404.155,375.215,378.979,419.994,520.205,583.996,602.79,626.338,706.995,823.982,795.512,759.065,826.7,838.435,916.135,946.498,786.172,791.495,832.834
Bhutan,514,BTN,307.957,323.738,331.996,350.04,353.646,356.027,389.913,456.239,506.507,493.323,524.929,455.209,451.704,480.266,494.125,581.144,606.11,668.031,715.848,730.512,773.491,783.204,842.667,932.757,1056.226,1171.862,1288.486,1501.905,1865.177,1721.428,1998.765,2382.108,2445.204,2451.849,2387.788,2604.186,2675.388,2990.924
Bolivia,218,BOL,695.535,615.66,668.55,619.896,631.152,668.921,640.939,683.624,712.146,715.525,723.42,777.891,804.735,795.05,804.712,885.679,955.574,1005.873,1057.72,1010.58,1005.409,959.844,914.958,918.468,979.59,1049.064,1199.579,1344.698,1695.451,1711.424,1896.236,2255.504,2605.186,2886.41,3110.566,3068.363,3128.687,3437.724
Bosnia and Herzegovina,963,BIH,,,,,,,,,,,,,,,,,947.953,1220.09,1408.122,1533.908,1474.45,1533.616,1777.342,2242.967,2686.001,2891.677,3296.751,4060.061,4971.824,4697.839,4611.347,5050.025,4716.643,5036.032,5194.014,4584.264,4808.299,5180.778
Botswana,616,BWA,1199.223,1039.432,1057.51,1126.868,1079.237,968.951,1267.145,1915.113,2398.684,2584.231,2750.806,2673.588,2684.209,2629.778,2755.722,2984.191,3006.151,3025.699,2841.934,3173.687,3301.212,3090.261,3017.716,4119.412,4840.806,5338.237,5352.865,5676.255,5641.182,5183.686,6374.994,7503.961,7710.797,7007.254,7497.686,6538.616,6958.336,7584.05
Brazil,223,BRA,1229.447,1382.058,1445.715,1134.529,1105.46,1718.904,1954.375,2086.704,2288.611,3086.832,3105.013,2676.886,2522.84,2786.175,3493.998,4950.659,5200.105,5323.82,5128.338,3502.751,3771.94,3177.826,2853.565,3086.087,3655.333,4814.67,5914.458,7385.328,8873.189,8641.655,11327.459,13295.722,12426.686,12357.57,12176.246,8846.376,8752.328,9928.234
Brunei Darussalam,516,BRN,,,,,,19979.818,11946.922,13281.59,12241.233,13457.077,15422.566,15773.381,17386.219,16664.546,16140.896,18292.06,19282.327,19120.874,14526.109,16112.075,20511.076,18680.432,18845.723,20821.905,24294.89,29514.112,34941.384,36692.724,42678.823,31287.184,35437.219,47092.296,47772.207,44860.428,41947.16,31355.736,27318.051,28278.434
Bulgaria,918,BGR,2835.477,3049.296,3171.17,3250.675,3446.956,2949.183,2611.002,3030.634,4965.903,5079.805,2253.896,222.706,913.311,501.483,892.192,1511.491,1153.869,1228.132,1631.94,1673.66,1613.935,1783.719,2074.575,2689.768,3344.622,3839.448,4444.514,5812.68,7152.785,6859.679,6743.737,7836.578,7399.392,7667.592,7888.558,7017.414,7496.084,8274.48
Burkina Faso,748,BFA,310.905,264.221,240.176,214.033,186.473,200.896,256.767,291.129,313.06,304.852,351.985,346.407,361.049,334.946,196.026,235.832,249.36,229.493,255.718,267.017,226.844,237.449,261.756,332.878,371.688,407.819,419.807,475.793,572.441,554.18,574.328,667.452,674.196,700.246,704.984,575.621,584.213,643.416
Burundi,618,BDI,232.381,234.94,241.083,247.995,218.999,247.644,253.424,231.932,211.184,213.175,207.113,207.674,187.243,162.572,157.474,167.177,142.588,157.054,141.755,133.412,130.225,127.349,116.392,108.066,122.381,148.71,164.575,170.174,195.79,208.78,231.549,247.097,250.118,267.696,296.186,294.496,298.006,312.463
Cabo Verde,624,CPV,541.435,522.81,517.666,499.536,466.312,476.329,645.817,783.24,861.862,853.014,957.369,974.873,1062.47,1046.265,1180.486,1378.161,1385.771,1322.336,1376.757,1529.878,1354.544,1387.167,1502.613,1937.154,2186.533,2297.77,2572.566,3112.286,3638.904,3444.555,3312.826,3670.434,3408.481,3558.798,3535.387,2996.793,3083.574,3249.523
Cambodia,522,KHM,,,,,,,25.707,17.116,32.608,39.704,99.833,215.671,252.491,242.479,265.056,319.537,316.188,302.166,267.864,293.699,299.982,320.046,337.501,360.659,405.629,470.683,536.151,627.78,741.855,734.655,781.912,877.635,945.702,1009.343,1090.709,1163.414,1270.484,1387.943
Cameroon,622,CMR,928.577,1022.233,953.543,935.494,962.85,979.483,1242.483,1399.288,1380.513,1194.707,1159.858,1254.628,1115.886,1130.159,746.71,688.963,746.867,734.603,713.686,707.439,630.698,649.524,705.615,862.274,1004.871,1007.39,1056.26,1187.884,1368.943,1309.147,1282.461,1402.671,1357.119,1471.227,1552.471,1338.603,1377.865,1441.379
Canada,156,CAN,11280.297,12396.511,12543.793,13492.985,13947.165,14185.973,14539.226,16407.77,19040.793,20841.738,21571.678,21885.372,20984.362,20210.342,20024.768,20706.122,21325.805,21929.488,21046.886,22339.861,24301.106,23860.724,24294.894,28337.814,32182.891,36428.387,40557.364,44714.784,46775.922,40934.5,47625.003,52271.536,52753.346,52726.053,50958.059,43615.795,42446.551,45223.971
Central African Republic,626,CAF,313.369,316.495,298.747,279.719,265.441,340.227,431.342,465.181,490.939,474.879,539.656,502.896,489.786,418.922,268.106,340.988,298.443,285.804,296.103,290.99,243.232,242.266,255.649,289.835,322.802,337.641,362.233,413.345,474.39,464.514,456.564,495.035,480.053,329.444,362.872,330.563,359.365,388.603
Chad,628,TCD,167.345,193.153,182.076,177.734,186.265,196.954,236.6,261.657,298.418,274.973,323.311,312.824,318.428,271.777,215.007,248.074,269.041,252.174,277.79,238.555,210.22,252.59,287.299,360.742,567.507,739.405,804.48,915.118,1072.769,933.675,1046.89,1162.474,1155.526,1180.371,1240.999,946.877,851.544,811.783
Chile,228,CHL,2579.93,3004.742,2204.389,1762.224,1687.029,1424.37,1504.439,1743.889,2021.055,2289.459,2503.878,2829.749,3368.289,3547.034,4030.083,5117.721,5349.607,5743.645,5446.61,4952.689,5071.555,4572.852,4443.656,4770.309,6192.907,7600.083,9473.008,10507.889,10749.235,10219.734,12793.548,14610.753,15307.766,15804.358,14643.845,13571.968,13775.713,15127.763
China,924,CHN,309.354,290.617,282.054,298.692,303.408,295.336,282.158,302.199,371.015,409.094,348.651,358.826,423.032,525.708,472.65,608.375,708.58,780.854,827.641,872.226,958.566,1053.129,1150.227,1293.124,1512.635,1765.732,2110.563,2703.003,3467.03,3837.903,4524.055,5582.887,6329.464,7080.828,7701.691,8166.756,8115.828,8677.4
Colombia,233,COL,1629.099,1736.152,1819.306,1769.966,1711.856,1572.193,1542.359,1572.577,1660.552,1640.393,1637.503,1658.071,1923.575,2139.177,2640.385,2939.102,3037.632,3291.581,2992.93,2588.918,2455.11,2383.312,2347.506,2240.207,2737.578,3384.606,3717.547,4684.011,5444.823,5170.526,6285.198,7264.109,7950.381,8103.486,7998.843,6088.678,5799.615,6325.486
Comoros,632,COM,455.232,388.699,360.17,341.489,325.936,321.002,421.681,493.97,505.564,468.832,573.641,581.286,615.15,596.546,390.844,477.158,464.134,418.543,416.315,421.218,374.641,399.109,446.955,564.642,615.437,641.618,651.581,732.773,816.981,802.234,793.273,866.916,823.779,884.68,898.648,742.284,759.684,784.741
Democratic Republic of the Congo,636,COD,2607.244,2197.24,2312.736,1805.781,1166.488,1032.032,1120.941,1027.354,1152.288,1135.105,1138.475,1070.239,935.229,1182.365,621.048,584.269,731.024,642.729,461.123,410.453,397.025,165.273,165.757,159.636,172.83,187.188,216.815,240.339,272.142,252.439,275.665,318.049,346.375,398.627,425.406,441.581,439.01,449.242
Republic of Congo,634,COG,1311.065,1042.618,881.785,777.733,693.686,690.061,915.602,1079.073,1113.618,1107.124,1260.674,1191.066,1250.849,1116.788,718.177,837.921,981.466,875.412,716.86,845.576,1126.961,954.134,1006.064,1138.187,1475.48,1886.102,2335.388,2192.48,2936.932,2624.081,3364.131,3950.862,3555.944,3561.155,3492.5,2067.086,1835.828,2068.231
Costa Rica,238,CRI,2100.757,1107.138,1067.872,1252.589,1415.777,1472.762,1605.215,1606.451,1591.98,1756.797,1873.621,2318.477,2688.046,2927.069,3105.446,3327.394,3265.484,3437.063,3638.579,3703.132,3927.591,4029.576,4108.17,4213.892,4470.856,4743.154,5295.906,6187.386,7003.463,6897.244,8264.202,9260.859,10054.526,10632.948,10679.134,11422.598,11779.244,11810.183
Côte d'Ivoire,662,CIV,1256.063,1017.796,879.167,754.947,732.212,719.026,926.032,980.695,981.953,903.102,960.018,897.075,917.389,826.888,604.249,776.945,833.759,784.715,822.892,787.07,664.259,676.153,726.988,878.415,925.951,931.407,945.846,1053.562,1222.774,1194.375,1193.214,1199.676,1220.329,1388.016,1528.191,1397.297,1450.918,1527.651
Croatia,960,HRV,,,,,,,,,,,,,2589.343,2804.481,3834.654,5027.779,5251.656,5243.58,5631.165,5132.691,4970.211,5409.891,6241.222,8051.027,9354.099,10208.612,11348.389,13550.444,15892.036,14159.41,13550.438,14579.303,13249.445,13664.967,13610.802,11779.008,12367.801,13382.057
Cyprus,423,CYP,4549.649,4352.558,4452.724,4399.28,4575.712,4824.737,6057.982,7188.31,8204.406,8635.877,10360.133,10413.861,12158.755,11342.555,12525.481,15397.119,15260.553,14324.09,15181.97,15379.994,14464.816,14904.894,16188.531,20389.337,23969.818,25527.252,27448.397,31774.607,36030.545,32635.742,31262.532,32692.864,29066.119,27825.717,27273.933,23248.193,24119.947,25954.833
Czech Republic,935,CZE,,,,,,,,,,,,,,,,5784.097,6490.091,5993.003,6453.428,6304.157,5997.685,6599.308,8028.361,9777.814,11687.92,13362.343,15206.395,18434.536,22819.462,19787.766,19831.401,21736.836,19739.899,19912.51,19768.84,17728.702,18485.235,20409.984
Denmark,128,DNK,13886.37,12076.174,11801.273,11852.891,11561.767,12259.279,17215.426,21349.948,22528.114,21913.155,26920.581,27052.653,29622.474,27640.496,30050.878,35471.255,35732.689,32897.57,33426.974,33492.354,30798.717,30806.607,33275.556,40512.045,46571.283,48872.095,52121.249,58641.193,64531.119,58286.537,58177.162,61864.093,58623.414,61325.575,62729.499,53478.495,54665.215,57380.204
Djibouti,611,DJI,,,,,,,,,,,,929.131,934.386,886.101,909.389,895.477,864.577,855.79,851.679,870.939,871.161,880.352,884.072,905.262,934.845,967.29,1020.629,1094.968,1235.838,1240.597,1306.536,1433.171,1522.945,1592.86,1690.668,1788.363,1902.754,1988.765
Dominica,321,DMA,,1112.642,1217.573,1346.688,1495.272,1642.752,1864.889,2102.964,2377.904,2582.185,2819.552,3087.299,3287.848,3448.673,3713.105,3855.291,4104.42,4254.367,4526.684,4657.561,4681.178,4775.344,4680.264,4825.77,5165.218,5127.438,5497.251,5939.91,6463.44,6903.996,6975.991,7082.209,6868.992,7187.65,7466.584,7564.368,8220.134,7819.135
Dominican Republic,243,DOM,1534.317,1677.447,1545.099,1562.13,2397.598,1022.611,1212.354,1245.272,1113.835,1230.744,1123.244,1365.232,1573.686,1741.669,1916.439,2141.061,2309.916,2495.032,2658.543,2674.828,2894.303,3007.381,3158.393,2460.554,2540.849,4008.356,4188.715,4803.473,5194.799,5151.172,5688.751,6063.35,6274.865,6413.934,6693.685,6903.42,7189.4,7482.487
Ecuador,248,ECU,2097.141,2087.382,2026.375,1732.499,1794.733,2044.313,1461.92,1332.147,1234.671,1182.529,1173.126,1286.617,1375.712,1572.842,1858.323,1980.373,2037.13,2253.233,2257.861,1598.768,1461.838,1909.424,2180.386,2434.977,2700.118,3025.012,3351.476,3588.311,4267.473,4241.938,4633.247,5192.875,5664.886,6030.502,6347,6099.351,6046.302,6216.606
Egypt,469,EGY,580.042,617.659,711.351,846.388,925.97,1049.33,1132.456,1585.217,1858.029,2266.442,1870.847,923.843,825.448,906.804,978.537,1111.782,1221.885,1342.925,1469.317,1532.889,1642.629,1569.035,1356.683,1254.101,1195.373,1330.459,1563.479,1861.052,2270.356,2578.046,2921.757,3077.343,3383.113,3400.321,3524.418,3731.177,3686.07,2495.02
El Salvador,253,SLV,830.321,723.863,709.196,675.089,490.653,473.306,471.735,473.953,545.548,613.809,917.627,985.43,1076.555,1221.256,1386.17,1590.365,1690.71,1783.893,1892.157,1935.54,2007.654,2078.263,2132.019,2218.407,2287.468,2437.48,2634.332,2790.006,2938.711,2860.537,2978.756,3251.084,3400.182,3466.381,3529.546,3628.058,3704.235,3787.329
Equatorial Guinea,642,GNQ,123.403,109.806,121.292,126.408,130.117,205.657,241.443,284.263,296.908,253.241,312.102,299.071,351.662,343.493,245.881,333.846,527.121,965.017,777.254,1250.993,1881.301,2614.2,3093.251,5419.704,8209.468,10806.146,12732.027,15761.84,22742.384,16530.21,17136.445,21451.886,21557.65,20246.992,19245.653,11213.474,9196.29,9692.34
Eritrea,643,ERI,,,,,,,,,,,,,228.342,141.275,163.487,180.681,213.475,214.166,219.756,208.742,182.647,188.674,177.498,205.687,254.742,245.357,263.273,278.986,284.696,373.464,415.537,500.094,573.163,643.774,710.245,779.326,860.273,979.692
Estonia,939,EST,,,,,,,,,,,,,,1159.899,1662.133,2642.874,3351.762,3623.811,4055,4129.787,4084.362,4509.296,5325.038,7186.936,8859.481,10352.252,12613.018,16606.571,18162.457,14771.009,14672.328,17470.842,17431.54,19078.213,20267.044,17421.214,18235.584,20240.905
Eswatini,734,SWZ,1353.87,1390.764,1208.985,1207.844,999.523,762.131,936.249,1172.28,1332.878,1306.668,1552.212,1567.762,1699.814,1750.159,1859.518,2171.72,2012.452,2105.168,1914.241,1861.496,1818.67,1599.207,1473.717,2235.678,2797.022,3174.588,3262.223,3402.163,3214.488,3479.71,4263.91,4603.196,4568.746,4291.197,4090.959,3730.31,3515.192,4060.498
Ethiopia,644,ETH,215.178,215.599,220.557,237.661,217.423,246.507,247.981,256.699,257.56,262.233,269.082,287.651,293.35,176.465,151.965,152.658,155.121,152.171,134.226,128.213,129.678,125.722,116.789,120.873,138.553,165.218,198.344,249.209,334.145,397.808,360.829,379.381,493.321,535.264,613.101,702.767,777.294,817.49
Fiji,819,FJI,1941.876,1947.628,1833.922,1682.16,1727.279,1647.503,1845.552,1678.205,1579.6,1650.08,1808.634,1857.778,2039.966,2160.826,2392.427,2561.814,2746.468,2677.231,2102.211,2444.91,2103.817,2056.937,2266.294,2824.116,3301.379,3608.577,3699.208,4034.938,4187.669,3395.695,3697.237,4422.608,4632.025,4863.456,5179.865,4995.77,5209.31,5527.537
Finland,172,FIN,11257.795,10990.447,11036.936,10545.058,10889.934,11488.754,14998.341,18632.076,22122.56,24040.639,28505.543,25665.172,22514.811,17669.829,20433.664,26349.385,25827.21,24744.561,26054.154,26242.128,24342.604,24963.415,26946.518,32915.019,37736.545,39103,41238.707,48463.305,53785.144,47337.938,46391.713,50960.182,47553.397,49766.126,50087.853,42505.91,43582.433,45937.75
France,132,FRA,13069.505,11456.04,10822.037,10292.761,9697.432,10108.561,13947.316,16793.955,18240.997,18236.767,22490.289,22406.387,24590.746,23082.715,24262.184,27741.294,27720.861,25028.466,25818.37,25549.696,23207.839,23240.837,25113.254,30675.365,35004.53,36082.12,37793.808,43059.907,47191.131,43176.385,42181.583,45410.097,42371.124,44145.229,44616.405,37937.853,38253.422,40045.578
Gabon,646,GAB,6093.615,5376.616,4930.527,4619.015,4346.388,4478.468,5735.355,4245.955,4581.144,4899.234,6815.634,5993.32,6015.511,5677.618,4293.942,4956.842,5552.917,5068.093,4161.617,4222.734,4477.321,4065.16,4206.24,5014.408,5835.668,6947.513,7270.687,8652.12,10426.212,7854.2,8933.942,10891.096,9903.189,9760.882,9746.775,7453.113,7082.286,7369.343
The Gambia,648,GMB,1117.904,1006.711,918.451,888.186,613.246,716.477,537.175,691.742,771.322,778.464,877.234,889.162,921.341,932.24,892.217,904.37,916.463,908.28,906.41,903.464,854.358,822.49,704.994,648.807,716.938,746.113,718.073,827.647,1015.355,907.499,963.529,800.32,789.626,735.236,656.497,693.01,708.855,705.038
Georgia,915,GEO,,,,,,,,,,,,,,,167.791,402.195,669.835,796.051,840.862,668.265,742.658,797.114,850.804,1006.45,1301.716,1636.703,1992.091,2626.832,3325.488,2811.925,3062.853,3825.156,4237.928,4340.711,4441.774,3759.598,3856.067,4046.89
Germany,134,DEU,11067.707,9294.292,8980.869,8991.058,8505.461,8646.016,12340.143,15353.218,16452.169,16170.706,20172.523,23364.326,26432.955,25568.585,27244.565,31901.248,30743.139,27253.126,27580.223,27053.846,24003.789,23945.534,25565.13,30779.565,34646.669,35236.678,37018.783,42531.246,46681.071,42576.208,42641.416,46852.925,44089.275,46544.947,48218.87,41415.169,42460.686,44770.578
Ghana,652,GHA,3570.67,5637.601,6416.766,4218.387,1409.55,1223.252,1106.498,906.973,941.727,935.957,1056.152,1154.351,1114.474,883.34,792.675,914.587,948.53,945.088,1001.88,1011.726,606.32,630.327,714.156,858.791,970.464,1147.602,1315.805,1516.054,1677.368,1462.796,1745.539,2123.648,2184.39,2389.773,1962.658,1753.851,1941.46,2037.953
Greece,174,GRC,5948.312,5422.695,5623.925,5050.595,4895.517,4832.492,5670.974,6577.878,7632.639,7879.212,9679.318,10282.862,11234.158,10451.746,11122.873,12997.524,13776.698,13484.135,13526.691,13901.672,12268.253,12577.02,14171.836,18530.221,22007.85,22624.066,24857.207,28899.948,32198.014,29819.229,26972.873,25896.934,22171.911,21805.257,21726.89,18114.716,18110.873,18897.637
Grenada,328,GRD,1246.003,1276.906,1347.451,1373.168,1478.411,1678.863,1873.217,2163.51,2410.287,2759.682,2888.348,3118.149,3191.017,3151.541,3270.578,3413.022,3640.139,3878.391,4401.422,4751.576,5117.59,5109.959,5292.233,5773.074,5836.178,6754.513,6766.487,7324.191,7947.427,7395.064,7365.642,7410.478,7583.189,7956.077,8569.927,9333.271,9892.48,10451.031
Guatemala,258,GTM,1014.948,1081.263,1067.959,1081.019,1102.926,1269.503,669.266,755.753,798.248,897.807,767.058,916.058,991.381,1052.61,1165.427,1279.143,1335.423,1479.006,1570.72,1448.276,1475.207,1568.379,1701.769,1753.339,1872.738,2077.835,2256.559,2489.954,2794.241,2635.743,2825.507,3187.836,3299.603,3452.83,3687.748,3923.56,4140.717,4469.457
Guinea,656,GIN,,,,,,,,,,,616.328,660.444,678.626,639.332,626.432,655.749,656.708,628.192,591.511,557.831,461.784,427.879,444.663,517.03,538.88,470.57,426.419,628.711,675.387,637.478,631.291,540.562,637.791,712.982,729.798,712.047,687.118,801.89
Guinea-Bissau,654,GNB,218.699,273.941,305.168,337.149,229.638,330.465,316.017,262.605,239.877,282.621,337.82,465.072,498.383,376.258,414.591,428.799,399.43,371.27,329.053,347.737,304.618,311.913,328.781,375.135,409.126,442.734,436.702,502.821,613.081,571.99,582.54,736.686,649.026,671.136,662.382,643.916,708.398,793.622
Guyana,336,GUY,731.337,710.265,600.588,611.657,612.527,628.549,698.954,883.386,836.085,1072.803,905.709,1024.369,837.991,1001.878,1209.223,1366.164,1528.558,1618.376,1511.149,1549.823,1513.77,1517.114,1560.957,1612.484,1697.202,1766.006,1956.018,2334.01,2560.997,2693.189,3004.231,3414.761,3779.463,3926.363,4029.779,4168.479,4531.241,4578.204
Haiti,263,HTI,260.453,281.633,287.754,303.4,330.237,360.211,393.132,190.252,123.631,112.003,139.691,123.002,72.415,81.256,231.269,359.759,364.991,411.606,450.945,494.256,462.491,413.718,393.004,329.766,387.951,465.33,505.495,615.81,674.858,668.272,662.013,740.848,766.807,810.172,829.911,809.672,753.91,783.789
Honduras,268,HND,955.245,1017.061,1015.87,1044.197,1092.448,1161.912,1180.452,1249.579,1351.365,1467.024,841.245,822.636,890.906,887.891,845.179,948.431,889.059,951.362,1028.088,1009.365,1088.783,1130.406,1132.872,1157.306,1217.655,1311.741,1437.626,1592.571,1751.597,1802.875,1919.472,2113.277,2178.415,2136.742,2242.712,2341.277,2382.608,2491.474
Hong Kong SAR,532,HKG,5664.005,5953.184,6096.008,5551.001,6127.277,6444.906,7328.419,8980.83,10453.711,11928.483,13280.622,15190.414,17586.418,19925.115,22038.531,22908.926,24698.956,27214.595,25649.085,24969.005,25574.491,25166.902,24731.081,23856.482,24873.898,26551.769,28028.157,30494.551,31487.94,30593.991,32422.056,34951.031,36619.811,38230.066,40182.28,42321.712,43496.299,46091.216
Hungary,944,HUN,2151.154,2206.805,2249.656,2046.101,1989.614,2022.666,2338.458,2582.471,2838.147,2909.278,3311.854,3349.754,3732.903,3870.507,4169.964,4490.561,4520.861,4590.835,4744.21,4795.711,4628.314,5276.6,6655.221,8413.014,10286.309,11193.837,11441.421,13893.381,15729.058,13019.039,13073.96,14097.944,12873.202,13646.269,14182.698,12487.225,12818.716,14264.252
Iceland,176,ISL,15133.103,15454.708,14008.881,11865.27,12139.43,12517.151,16585.858,22795.638,24840.125,22646.588,25651.419,27183.019,27383.229,23749.384,24142.695,26711.55,27914.45,28090.864,31184.566,32539.786,32265.459,28957.269,32433.603,39567.447,47612.444,57267.863,57408.956,69928.197,56759.305,41220.967,43080.596,47600.734,46073.943,49815.679,54527.563,52838.356,62004.698,72389.872
India,534,IND,276.35,280.764,284.468,303.761,288.563,311.426,324.248,356.246,368.341,361.454,385.378,318.104,332.497,315.42,362.366,391.249,418.63,434.709,432.225,462.218,462.978,471.701,491.989,571.555,656.517,747.335,837.46,1076.835,1048.735,1153.188,1422.929,1497.746,1481.562,1485.595,1610.355,1639.69,1761.626,2014.013
Indonesia,536,IDN,673.239,736.992,741.946,659.474,672.201,658.217,610.234,562.902,621.934,696.874,770.757,847.573,907.767,1013.057,1115.613,1254.023,1394.497,1308.114,572.09,829.574,870.154,834.139,1002.907,1186.845,1280.696,1403.876,1764.79,2064.232,2418.043,2464.956,3178.133,3688.531,3744.53,3684,3533.606,3367.691,3605.721,3884.718
Islamic Republic of Iran,429,IRN,2380.477,2484.973,3007.012,3537.949,3495.221,3776.613,4222.513,5465.15,6137.679,7128.938,10556.089,5417.511,872.336,1131.193,1412.712,1954.868,2620.047,3041.22,3364.215,4387.747,5698.409,5119.721,1957.433,2272.5,2734.027,3288.366,3834.729,4929.064,5621.054,5608.976,6504.869,7680.859,5118.474,5152.037,5395.791,4723.476,5026.648,5289.795
Iraq,433,IRQ,,,,,,,,,,,,,,,,,,,,,,,,608.655,1373.738,1828.738,2321.258,3090.851,4472.118,3701.862,4473.71,5848.537,6692.576,7021.406,6704.313,5047.118,4714.468,5210.644
Ireland,178,IRL,6250.242,5884.518,6076.233,5837.997,5590.053,5932.683,7990.638,9416.545,10362.026,10751.235,13640.502,13743.875,15327.074,14258.315,15450.496,19080.798,20774.86,22461.548,24172.174,26189.625,26151.622,28079.52,32438.465,40921.155,47336.152,50475.596,53762.863,60812.431,61193.195,52100.83,48716.462,51931.995,48892.231,51550.927,55534.102,61702.511,63289.731,68722.578
Israel,436,ISR,6074.51,6390.571,6728.222,7347.643,6867.309,6271.234,7602.204,8934.32,10886.15,10888.824,12457.359,13306.312,14354.758,14055.775,15641.496,18088.167,19334.859,19682.853,19416.227,19127.555,21038.051,20302.391,18433.046,18963.273,19885.354,20559.211,21836.337,24907.918,29557.068,27726.359,30670.34,33713.121,32556.96,36359.933,37750.29,35869.725,37382.957,40560.256
Italy,136,ITA,8560.633,7750.799,7653.955,7937.298,7841.815,8094.688,11462.724,14387.755,15936.292,16562.867,20654.537,21798.596,23119.691,18575.43,19152.126,20607.138,23032.907,21808.664,22282.156,21967.88,20112.612,20419.537,22288.641,27488.526,31239.993,31958.532,33339.747,37685.357,40689.108,36849.944,35657.647,38003.359,34469.65,35219.817,35456.675,30153.407,30824.303,32132.468
Jamaica,343,JAM,1214.379,1310.503,1479.509,1289.23,948,878.359,1034.771,1158.596,1372.734,1588.557,1971.695,1799.773,1804.411,2280.661,2266.075,2657.668,2975.134,3347.367,3467.544,3473.435,3510.575,3529.711,3700.053,3562.456,3816.905,4187.91,4430.505,4756.273,5054.564,4435.269,4812.255,5232.302,5332.494,5104.904,4953.222,5029.073,4986.453,5193.489
Japan,158,JPN,9466.402,10363.516,9577.94,10424.374,10981.923,11580.2,17118.391,20755.509,25065.131,24830.994,25379.595,28923.312,31429.621,35698.906,39219.812,43441.33,38450.955,35034.538,31915.735,36039.077,38535.586,33850.883,32300.666,34831.196,37696.723,37223.77,35463.873,35342.476,39453.494,41014.185,44673.608,48168.804,48632.903,40490.155,38156.33,34568.925,38804.858,38344.022
Jordan,439,JOR,1645.769,1783.024,1829.808,1845.105,1788.172,1726.937,2126.684,2158.264,1944.317,1252.55,1168.512,1157.624,1353.052,1320.375,1409.786,1454.165,1468.995,1499.555,1605.609,1624.979,1657.911,1728.164,1812.292,1889.218,2061.461,2203.088,2537.302,2762.815,3384.153,3492.099,3679.19,3826.552,3930.945,4054.771,4129.994,4145.481,4151.16,4201.656
Kazakhstan,916,KAZ,,,,,,,,,,,,,168.645,304.849,737.242,1058.581,1349.597,1457.025,1445.895,1132.126,1230.49,1491.652,1657.151,2062.291,2862.5,3753.439,5261.026,6733.448,8349.288,7116.504,9005.26,11553.127,12300.476,13789.254,12712.103,10434.755,7658.458,8953.477
Kenya,664,KEN,641.654,582.63,541.284,484.062,485.688,467.396,536.791,569.04,570.524,546.95,552.681,506.802,484.699,326.994,380.183,468.002,516.168,507.78,564.736,500.113,479.303,479.603,473.995,524.743,549.163,621.283,743.439,895.226,978.454,982.003,1038.953,1054.979,1238.875,1318.788,1431.319,1453.296,1559.391,1695.151
Kiribati,826,KIR,702.094,735.458,680.896,617.277,661.104,500.889,479.615,1080.928,658.655,637.484,600.45,645.746,646.914,623.58,716.416,721.087,847.061,839.086,805.03,832.622,802.478,732.872,824.831,1016.381,1128.371,1212.132,1166.435,1376.275,1456.908,1332.071,1518.57,1741.139,1798.255,1731.38,1655.862,1556.496,1598.885,1641.565
Korea,542,KOR,1704.467,1870.343,1977.63,2180.503,2390.686,2457.328,2803.356,3511.001,4686.148,5736.943,6516.267,7523.443,8001.532,8740.937,10205.86,12332.929,13137.854,12131.885,8085.341,10409.356,11947.604,11252.866,12782.543,14209.341,15907.677,18639.523,20888.38,23060.709,20430.64,18291.92,22086.953,24079.79,24358.78,25890.016,27811.367,27105.078,27608.248,29749.796
Kosovo,967,UVK,,,,,,,,,,,,,,,,,,,,,1423.317,1706.38,1788.219,2182.801,2219.995,2265.779,2340.117,2792.682,3323.131,3243.825,3290.697,3763.399,3581.934,3885.783,4098.918,3637.434,3766.258,4026.798
Kuwait,443,KWT,20966.177,17631.854,14417.541,12973.988,13410.421,12670.687,9653.473,10956.483,9640.407,11359.505,8588.145,7960.513,13989.932,16213.488,13549.775,13871.989,15068.13,13740.681,11424.919,13358.134,17012.776,15108.112,15759.074,18786.749,21585.563,27014.773,31907.199,33732.522,42827.126,30414.739,32216.413,41657.444,45726.188,44754.341,40278.045,27398.083,25267.146,26863.331
Kyrgyz Republic,917,KGZ,,,,,,,,,,,,,207.064,147.505,244.772,324.843,390.962,373.374,339.082,254.832,277.937,307.038,320.43,378.357,431.162,473.873,540.539,719.775,960.95,865.597,875.264,1116.335,1166.15,1269.791,1266.639,1109.428,1109.589,1231.145
Lao P.D.R.,544,LAO,613.554,351.826,344.14,613.776,855.596,1047.035,712.071,487.675,308.818,370.816,426.322,487.955,543.561,595.309,673.42,763.126,775.942,716.319,267.284,278.724,333.16,334.638,345.385,416.07,479.63,542.382,686.652,822.36,1013.823,1080.469,1242.962,1463.469,1640.935,1899.979,2075.142,2212.402,2416.855,2555.093
Latvia,941,LVA,,,,,,,,,,,,,632.908,1022.24,1724.98,2163.462,2417.455,2669.569,2965.155,3140.33,3334.254,3548.505,4116.125,5111.495,6315.403,7533.788,9635.172,14010.237,16316.827,12131.328,11228.129,13735.616,13762.164,14951.88,15680.89,13587.684,14071.876,15652.613
Lebanon,446,LBN,1575.556,1517.329,1038.758,1431.393,1692.11,1397.479,1073.331,1242.792,1235.084,1002.248,1035.462,1594.75,1937.9,2561.286,3019.671,3614.217,4173.208,5019.859,5474.552,5436.75,5256.615,5163.658,5343.647,5260.892,5473.481,5390.208,5434.252,6086.795,7109.513,8480.989,8858.284,8734.189,8996.561,8882.804,8619.257,8540.387,8530.362,8778.472
Lesotho,666,LSO,366.604,362.633,294.238,315.39,287.56,224.453,251.604,313.97,346.852,350.492,411.213,460.132,513.336,500.558,517.009,552.965,527.61,555.911,511.821,501.76,487.528,403.301,441.119,637.051,794.361,851.046,870.724,1001.122,922.427,1082.998,1309.59,1431.874,1358.874,1273.884,1336.387,1179.115,1216.635,1352.702
Liberia,668,LBR,,,,,,,,,,,,,,,,,,,,,329.508,329.222,329.274,260.968,307.058,316.487,360.524,424.942,512.351,504.518,550.36,640.709,707.708,777.479,777.021,764.411,772.393,754.663
Libya,672,LBY,13031.83,10762.563,10247.108,9371.005,8411.48,8319.667,6524.775,5815.611,5795.806,5881.526,7193.535,7776.953,7703.526,6780.858,6192.591,6882.208,7372.447,7424.949,5980.039,7067.876,7388.136,6485.16,3833.574,4831.424,5988.392,8467.716,9659.637,11711.138,12570.871,8524.772,11417.422,5402.251,12693.637,8282.151,3876.411,2719.954,2903.741,4739.917
Lithuania,946,LTU,,,,,,,,,,,,,,,,1845.673,2328.215,2830.751,3166.964,3113.638,3297.451,3530.201,4146.106,5505.586,6706.027,7880.346,9246.514,12313.169,15047.25,11866.627,12010.676,14386.61,14354.291,15695.744,16584.719,14299.136,14988.706,16863.646
Luxembourg,137,LUX,17738.531,15251.808,12514.668,12284.381,12032.97,12444.143,18022.939,22239.519,24976.565,26333.472,33201.25,35490.115,39219.739,39643.49,43482.858,50911.117,49920.89,44382.169,45821.99,49539.609,49173.442,48489.549,53348.367,66045.429,76318.336,81104.54,90494.693,107013.816,115987.042,104357.921,106184.607,117340.49,108047.815,114998.316,120449.605,101665.002,102361.016,105712.976
Macao SAR,546,MAC,,,,,,,,,,,,,,,,,,,,,,15611.341,16622.642,18346.564,22881.103,24969.752,28805.634,34084.156,38086.666,39615.339,50921.113,65867.576,73937.747,84859.859,86997.503,70132.996,70278.052,77414.524
Madagascar,674,MDG,462.133,400.155,382.414,371.103,302.587,286.317,317.449,242.877,224.537,222.92,266.876,225.006,244.673,266.592,228.295,234.888,287.765,247.437,252.756,243.816,246.283,278.987,262.742,317.421,245.67,275.516,292.991,379.066,472.38,417.177,414.145,456.329,444.958,462.46,452.81,400.348,399.689,447.657
Malawi,676,MWI,326.983,318.032,295.582,298.052,284.324,254.768,251.755,232.783,251.93,272.96,298.716,371.869,300.049,343.226,197.546,227.197,363.682,414.359,264.97,261.557,250.462,240.396,272.824,245.144,259.727,267.785,284.729,306.9,358.416,405.62,442.765,493.843,359.588,317.471,343.979,353.507,294.755,324.813
Malaysia,548,MYS,1899.977,1893.237,1978.383,2158.889,2385.618,2124.286,1837.926,2041.02,2182.863,2347.175,2549.611,2844.899,3331.389,3664.867,3971.093,4612.497,5103.04,4941.362,3470.465,3710.067,4286.832,4130.378,4379.641,4673.914,5171.417,5599.049,6264.419,7378.585,8646.566,7439.435,8920.481,10252.588,10655.464,10699.659,11008.868,9511.81,9380.975,9827.669
Maldives,556,MDV,412.508,464.914,534.906,560.243,646.388,737.78,835.636,769.824,897.934,987.814,1091.55,1184.664,1343.012,1479.446,1591.14,1903.127,2107.605,2553.949,2658.803,2842.658,2967.253,2780.451,2952.215,3690.792,4238.041,3960.43,5268.781,6128.46,7337.931,7450.777,8086.665,8078.262,8719.534,9766.148,10787.471,11781.094,12447.185,13510.169
Mali,678,MLI,286.454,234.094,202.86,191.973,187.769,185.354,252.941,290.075,287.083,345.585,387.839,387.973,389.751,379.108,282.773,356.81,355.7,325.445,329.005,331.765,277.783,316.174,345.481,404.829,453.969,504.789,539.577,616.721,716.361,721.976,732.454,861.687,801.084,827.347,872.027,772.639,802.407,853.905
Malta,181,MLT,,,,,,,,,,,,,,,,8943.296,9071.562,9111.743,9583.837,9944.329,10440.479,10391.869,11337.664,13648.264,15126.472,15899.493,16765.532,19584.633,22116.124,20806.321,21150.423,22918.101,22070.54,24032.664,26319.614,24336.828,25411.365,27707.376
Marshall Islands,867,MHL,,,,,,,,,,,,,,,,,,2185.537,2199.801,2148.98,2195.083,2309.828,2546.271,2576.426,2630.462,2740.614,2849.332,2978.24,2958.77,2962.443,3180.495,3302.319,3497.434,3590.891,3444.55,3363.371,3652.923,3775.942
Mauritania,682,MRT,,,,,,,,,,,597.724,666.669,683.817,568.197,581.873,608.163,601.769,567.223,537.92,534.706,477.468,464.222,460.947,528.573,601.782,697.549,965.561,1009.068,1167.525,1046.83,1203.375,1393.253,1364.277,1450.572,1326.665,1154.982,1089.425,1112.869
Mauritius,684,MUS,1268.107,1186.583,1124.4,1179.733,1080.41,1085.141,1454.116,1827.431,2104.548,2146.046,2555.86,2781.631,3091.412,3148.796,3446.307,3902.222,3993.479,3703.632,3701.865,3859.149,4102.593,4026.943,4196.429,5005.417,5626.004,5516.198,5695.975,6574.664,8030.052,7318.126,8000.376,9197.043,9291.236,9637.016,10151.727,9258.563,9681.416,10491.068
Mexico,273,MEX,3295.891,4135.806,2934.847,2341.273,2703.332,2810.06,1906.82,2050.329,2459.992,2940.086,3335.464,3927.96,4479.321,5467.155,5672.01,3810.928,4286.479,5148.07,5346.19,6019.94,7016.24,7409.68,7465.916,6964.629,7383.023,8189.161,8997.269,9588.507,9973.021,7975.422,9258.198,10204.512,10261.045,10764.334,10980.985,9673.643,8814.916,9376.986
Micronesia,868,FSM,,,,,,,,,,,,,,,,2094.48,2060.874,1944.21,2054.62,2061.643,2179.424,2257.322,2277.946,2311.653,2268.897,2370.444,2413.778,2457.377,2531.364,2710.27,2885.869,3032.447,3192.666,3095.855,3112.864,3080.327,3241.255,3548.96
Moldova,921,MDA,,,,,,,,,,,,,280.954,362.191,377.365,470.121,554.34,633.014,557.897,385.906,434,489.91,551.248,658.922,866.001,999.052,1142.31,1478.475,2036.943,1831.31,1959.627,2364.735,2446.303,2669.23,2675.043,2174.329,2273.158,2726.536
Mongolia,948,MNG,,,,,,,,,,,1502.357,1544.558,841.983,411.013,488.441,754.781,688.951,596.101,559.492,520.73,552.979,610.301,662.699,747.092,919.755,989.177,1321.611,1616.137,2109.269,1687.55,2602.373,3702.359,4281.33,4293.834,4081.015,3842.536,3576.857,3597.858
Montenegro,943,MNE,,,,,,,,,,,,,,,,,,,,,1577.088,1870.594,2062.168,2733.985,3370.871,3679.44,4431.06,5984.678,7402.671,6744.163,6694.342,7325.659,6590.433,7189.148,7389.886,6517.419,7028.208,7779.366
Morocco,686,MAR,1132.089,895.782,881.181,778.036,695.127,685.329,884.05,952.577,1102.828,1109.286,1248.809,1310.61,1343.358,1239.049,1369.643,1479.276,1612.853,1442.425,1519.174,1492.184,1373.92,1376.532,1453.941,1768.603,1999.125,2063.312,2242.729,2549.881,2946.926,2922.586,2896.564,3111.538,2979.738,3200.479,3259.721,2964.961,2996.652,3147.847
Mozambique,688,MOZ,444.797,337.264,336.635,295.418,302.875,396.187,463.218,209.547,184.504,192.13,304.385,231.543,151.715,152.109,159.082,157.934,210.628,242.999,271.933,290.316,255.35,243.134,257.603,279.204,330.198,361.492,382,423.366,502.5,475.416,429.948,524.891,589.818,604.999,619.907,528.934,379.004,426.091
Myanmar,518,MMR,,,,,,,,,,,,,,,,,,,128.036,154.663,195.621,182.31,162.283,197.611,246.159,274.473,295.172,362.973,512.417,643.149,800.245,1080,1156.903,1187.524,1230.527,1219.478,1156.891,1166.04
Namibia,728,NAM,,,,,,,,,,,2109.532,2034.92,2070.995,1922.824,2100.279,2197.585,2126.349,2143.726,1837.305,1874.47,2139.706,1939.787,1811.249,2607.864,3440.966,3708.785,4007.733,4378.564,4198.55,4340.183,5410.977,5870.933,6038.862,5793.927,5717.763,5160.201,4852.047,5593.303
Nauru,836,NRU,,,,,,,,,,,,,,,,,,,,,,,,,3122.457,3094.19,3113.76,2211.395,4185.191,4634.289,4936.669,7214.337,10005.006,10036.184,9872.939,8055.542,7823.642,8574.738
Nepal,558,NPL,132.86,151.835,149.927,160.26,165.649,168.169,178.96,181.61,209.438,206.874,207.703,221.426,195.816,204.632,208.153,220.397,221.918,235.992,229.848,231.853,241.384,243.808,243.256,253.616,287.4,319.028,348.632,393.848,473.841,480.72,592.152,695.694,681.792,688.584,705.94,747.161,730.984,849.011
Netherlands,138,NLD,13668.934,11378.797,10973.159,10643.041,9867.245,9964.005,13810.051,16807.924,17869.584,17514.505,21457.915,21931.771,24061.887,23237.631,24824.406,29284.582,29016.44,26733.011,27924.505,28299.668,26220.068,26891.919,29294.213,35734.217,40404.223,42046.721,44901.089,51804.204,57916.253,52648.416,51046.246,54209.22,50100.615,52201.723,52914.136,45205.77,46027.694,48555.353
New Zealand,196,NZL,7203.517,7458.186,7326.447,7022.034,6919.016,6901.934,8323.398,11122.524,13561.987,13015.523,13363.054,12356.539,11691.421,12451.143,14492.628,16784.071,18356.512,18115.847,14827.975,15280.988,13978.23,13560.579,15552.302,20304.755,24689.819,27206.073,26077.523,31784.19,31663.804,28099.897,33222.255,37985.398,39553.735,41775.712,43857.784,37741.881,38982.796,41350.257
Nicaragua,278,NIC,,,,,,,,,,,,,,,854.126,897.716,916.519,917.106,951.837,981.02,1016.421,1045.954,1010.053,1015.403,1091.002,1175.114,1240.992,1344.301,1518.805,1464.251,1526.494,1682.955,1792.041,1847.201,1975.465,2073.494,2143.812,2221.801
Niger,692,NER,461.461,386.192,346.882,299.592,234.733,223.986,286.747,325.893,322.586,298.892,329.645,299.573,291.834,267.092,181.67,197.222,204.029,181.69,200.631,188.221,159.23,164.088,180.832,223.463,237.215,263.785,275.509,312.751,382.36,368.278,378.205,410.743,431.37,462.028,481.612,411.122,418.272,433.74
Nigeria,694,NGA,,,,,,,,,,,686.475,645.45,546.094,577.535,792.81,1273.271,1618.287,1713.375,1861.065,496.495,570.17,598.294,748.313,797.64,982.976,1245.073,1591.326,1822.793,2234.359,1958.577,2365.013,2582.57,2797.857,3042.045,3268.391,2763.196,2207.861,1994.645
North Macedonia,962,MKD,,,,,,,,,,,,,1263.863,1383.543,1824.418,2387.158,2348.109,1980.429,1888.755,1931.989,1878.237,1839.616,1974.061,2440.813,2796.622,3071.897,3359.608,4076.296,4838.148,4579.092,4576.228,5174.894,4728.267,5239.722,5498.606,4860.421,5153.016,5448.428
Norway,142,NOR,15746.212,15484.681,15196.29,14906.207,14968.787,15728.224,18853.07,22445.073,24143.155,24245.447,28187.218,28514.498,30432.927,27880.632,29236.408,34789.46,37224.69,36560.864,34717.452,36278.683,38063.119,38501.575,42974.684,50023.114,57478.74,66652.737,73936.764,84946.459,96626.3,79836.109,87432.376,100307.39,101273.375,102722,96837.607,74280.697,70703.165,75513.639
Oman,449,OMN,4674.114,5251.746,5510.962,5363.892,5517.394,6129.204,4548.852,4488.916,4362.946,4605.009,6340.52,5937.75,6292.658,6102.666,6116.027,6355.283,6864.964,6965.197,6037.746,6605.919,8120.715,7961.211,8108.723,8565.258,9635.825,11873.176,13938.207,15436.806,21866.269,16784.913,19774.797,22726.637,23282.204,21920.148,21814.151,18243.808,16447.318,17128.372
Pakistan,564,PAK,384.902,442.247,469.6,426.342,450.309,438.235,436.969,445.068,500.308,508.691,495.989,551.237,565.905,583.709,573.819,654.027,666.464,641.566,624.156,617.576,583.32,555.226,544.369,611.429,705.723,776.77,883.243,963.279,1037.612,998.186,1031.652,1218.342,1254.17,1266.742,1312.427,1424.954,1439.63,1545.938
Palau,565,PLW,,,,,,,,,,,,,,,,,,,,,7567.544,8092.968,8365.523,7828.409,8345.659,9277.002,9534.878,9978.702,10365.912,9803.726,9999.052,10767.401,12304.297,12853.23,13961.499,16597.248,16828.691,15885.874
Panama,283,PAN,2038.172,2252.051,2429.949,2437.808,2487.416,2573.287,2616.159,2571.627,2176.564,2137.259,2276.276,2450.196,2726.974,2916.29,3046.035,3050.717,3524.097,3731.099,3963.406,4070.418,4046.456,4029.975,4106.466,4244.176,4565.096,4886.41,5315.835,6127.034,7110.228,7532.399,8039.764,9314.687,10674.487,11841.893,12756.952,13606.597,14356.447,15198.089
Papua New Guinea,853,PNG,1404.853,1342.349,1244.662,1215.43,1098.366,992.937,1057.889,1180,1592.381,1480.334,1287.934,1469.255,1573.472,1743.474,1866.89,1609.132,1668.285,1553.999,1158.158,1030.838,1025.035,877.089,850.612,1012.581,1111.442,1264.811,1403.678,1576.142,1883.501,1833.075,2132.181,2552.03,2865.807,2800.157,2973.289,2605.935,2353.468,2463.624
Paraguay,288,PRY,1299.661,1608.463,1636.527,1762.992,1390.886,1154.145,1335.761,1084.695,1392.417,977.835,1185.277,1585.242,1592.055,1580.207,1681.396,1897.134,2008.188,2003.578,1824.648,1706.395,1675.793,1577.681,1312.083,1377.521,1693.886,1857.773,2284.975,2988.681,4047.755,3622.628,4347.206,5298.454,5151.373,5882.781,6050.042,5353.075,5259.938,5609.848
Peru,293,PER,1164.828,1373.068,1332.455,1011.725,1018.785,861.599,1263.729,2040.65,1579.545,1908.456,1301.465,1530.736,1562.58,1487.861,1863.304,2179.183,2221.558,2297.785,2168.232,1929.712,1962.982,1957.517,2036.375,2178.487,2429.335,2695.726,3121.91,3587.798,4227.529,4165.803,5051.256,5733.22,6402.12,6632.217,6561.775,6147.838,6175.884,6728.093
Philippines,566,PHL,752.815,806.599,819.872,715.13,659.363,627.535,597.839,648.255,723.483,794.104,805.632,806.935,919.701,922.189,1062.278,1200.429,1276.661,1240.769,958.16,1077.999,1051.973,970.377,1013.424,1024.77,1093.48,1208.934,1405.206,1683.688,1940.995,1851.073,2155.409,2379.941,2591.627,2768.472,2849.267,2882.768,2953.208,2988.897
Poland,964,POL,1591.91,1494.896,1799.918,2052.913,2038.025,1896.081,1961.676,1687.804,1815.815,1768.606,1625.844,2101.345,2311.094,2347.117,2687.41,3605.161,4058.183,4067.962,4450.329,4339.597,4476.245,4978.051,5195.281,5691.335,6684.461,8019.766,9035.259,11264.718,14004.757,11541.353,12601.915,13886.833,13158.073,13777.295,14342.832,12565.735,12427.647,13867.607
Portugal,182,PRT,3339.09,3296.976,3095.398,2838.933,2596.329,2716.911,3774.951,4724.913,5533.16,5978.162,7958.021,9027.183,10864.549,9548.576,9978.59,11788.467,12187.556,11597.701,12220.178,12490.929,11533.827,11737.174,12922.15,15799.892,18064.472,18815.438,19837.971,22811.573,24933.171,23122.556,22580.678,23217.343,20588.873,21625.482,22112.538,19262.274,19985.547,21334.134
Puerto Rico,359,PRI,4507.15,4940.784,5146.929,5257.186,5777.438,6058.641,6495.499,6987.398,7579.339,8094.29,8675.576,9093.48,9687.443,10255.532,10942.949,11667.589,12305.024,12968.394,14430.159,15293.182,16192.127,18243.709,18972.77,19820.208,20988.989,21959.317,22935.951,23664.874,24898.335,25768.726,26435.742,27278.853,27944.742,28513.15,28981.343,29755.35,30475.357,31581.394
Qatar,453,QAT,31999.31,32677.158,26613.591,21147.403,20551.617,18201.415,13677.704,13828.961,12749.102,12967.628,15446.332,14189.043,15616.953,14546.04,14894.69,16238.346,17677.59,21337.1,18633.92,21660.445,29914.266,28666.61,30748.535,35644.406,44051.659,54228.833,62920.646,69166.962,74189.292,59683.144,72953.444,96827.857,101933.117,99180.39,93054.141,66346.911,57965.377,62826.062
Romania,968,ROU,2065.221,2466.043,2456.844,2138.766,1721.254,2115.458,2278.867,2534.073,2609.661,2329.567,1652.369,1249.01,853.108,1154.672,1325.482,1573.126,1575.497,1581.753,1897.422,1611.132,1669.978,1817.045,2118.572,2768.119,3541.52,4662.666,5811.44,8262.407,10385.848,8517.598,8190.571,9081.724,8518.923,9537.82,10004.876,8950.463,9538.926,10761.712
Russia,922,RUS,,,,,,,,,,,,,617.745,1325.505,1997.533,2263.512,2833.107,2934.359,1969.196,1427.745,1899.41,2251.273,2547.868,3186.717,4392.862,5693.94,7395.819,9721.855,12429.087,9149.11,11406.188,14271.682,15358.085,15942.141,14305.57,9477.559,8909.547,10961.992
Rwanda,714,RWA,270.525,296.19,304.582,313.504,293.235,336.894,368.93,395.849,409.149,413.152,385.963,276.23,292.942,301.087,206.465,226.63,248.486,319.386,312.589,262.564,229.235,209.117,200.121,215.302,240.947,293.248,349.992,415.706,511.872,554.564,577.411,636.44,696.73,709.834,727.969,736.378,734.822,773.949
Samoa,862,WSM,,,,,,,,,,,,,,,,,,,1613.013,1469.932,1511.677,1516.881,1595.803,1876.744,2280.71,2633.305,2775.164,3038.858,3634.995,3170.109,3430.856,3939.695,4233.328,4219.066,4178.979,4149.36,4015.214,4258.343
San Marino,135,SMR,,,,,,,,,,,,,,,,,,,,,,,,,,,,72991.32,79170.462,66988.912,60430.541,57500.385,50335.061,51987.253,51234.811,43068.684,44309.093,45882.357
São Tomé and Príncipe,716,STP,773.85,931.011,876.128,800.45,812.985,837.601,1143.388,1120.792,922.926,891.971,1050.332,920.765,790.824,1033.018,1058.931,820.617,261.65,351.128,398.575,408.704,415.999,505.213,552.891,647.954,692.685,809.407,839.546,885.101,1117.491,1084.167,1107.873,1273.159,1342.707,1569.619,1763.383,1555.969,1705.692,1846.724
Saudi Arabia,456,SAU,17655.143,18832.057,14912.742,11972.192,10558.766,8732.74,6955.053,6524.159,6398.839,6583.29,7734.975,8280.176,8077.765,7686.005,7626.36,7893.422,8527.666,8706.354,7525.303,8092.7,9256.541,8778.391,8822.507,9800.529,11467.097,14068.219,15603.985,16666.626,20157.298,16094.678,19163.337,23654.865,25208.162,24892.99,24580.472,21094.595,20317.679,21153.205
Senegal,722,SEN,781.318,689.676,656.587,569.224,539.145,573.039,786.525,917.907,880.712,842.541,952.417,910.029,946.739,869.094,576.64,706.207,714.635,643.171,679.9,676.012,603.472,609.716,651.454,815.154,928.964,981.308,1026.096,1204.905,1395.408,1297.944,1257.744,1345.409,1301.512,1343.179,1361.349,1186.925,1231.651,1333.419
Serbia,942,SRB,,,,,,,,,,,,,,,,,,2925.927,2300.699,1507.679,1238.888,1640.945,2156.887,2836.54,3315.331,3695.343,4398.828,5878.873,7087.453,6168.228,5673.62,6809.94,6012.63,6752.796,6598.935,5585.117,5756.384,6284.196
Seychelles,718,SYC,2329.353,2403.455,2293.938,2280.452,2338.076,2588.553,3165.945,3638.988,4128.118,4407.201,5302.844,5314.655,6128.346,6559.088,6555.429,6748.825,6583.091,7280.929,7715.784,7747.491,7578.829,7663.083,8431.923,8524.935,10176.659,11093.314,12014.418,12155.702,11123.004,9707.265,10805.099,11647.017,11999.897,14762.223,14701.368,14786.118,15219.117,15859.382
Sierra Leone,724,SLE,490.441,513.084,565.071,479.982,552.183,460.718,337.502,287.721,461.77,414.406,224.573,268.084,234.027,266.103,317.336,304.147,327.823,294.274,230.249,224.923,210.745,233.996,258.174,272.053,271.396,299.269,331.015,368.86,418.785,399.926,410.595,457.917,578.302,731.066,721.558,599.574,522.355,506.011
Singapore,576,SGP,5003.793,5670.741,5998.019,6714.501,7155.389,6781.924,6864.317,7786.645,9316.362,10711.03,12766.058,14504.601,16144.339,18302.534,21577.837,24937.271,26262.256,26386.354,21824.014,21796.254,23793.113,21576.807,22016.976,23573.854,27404.812,29869.899,33579.155,39223.538,39722.148,38577.168,46569.395,53363.94,54891.873,56519.348,57271.717,55330.507,56454.739,59990.058
Slovak Republic,936,SVK,,,,,,,,,,,,,,2561.19,2938.631,3696.566,3989.983,4069.745,4232.73,3864.179,3832.538,3976.091,4620.66,6330.051,8027.234,9129.071,10683.501,14349.947,18048.555,16567.154,16634.686,18223.895,17294.62,18205.908,18668.684,16197.783,16564.909,17627.111
Slovenia,961,SVN,,,,,,,,,,,,,9603.574,8326.915,8436.809,10708.565,10797.085,10463.46,11157.744,11498.633,10286.104,10501.874,11841.814,14905.102,17282.619,18222.579,19777.132,23959.166,27784.009,24785.048,23499.587,25040.519,22563.157,23378.09,24243.945,20904.665,21635.439,23502.245
Solomon Islands,813,SLB,767.971,786.877,757.961,689.407,669.398,592.013,512.757,523.77,579.556,552.165,667.386,687.074,789.67,858.033,1057.3,1195.517,1279.824,1303.415,1083.924,1116.043,923.454,897.55,744.048,704.085,793.967,915.158,980.042,1048.642,1207.902,1160.785,1293.864,1733.71,1935.74,2010.288,2042.088,1971.553,2056.559,2114.677
Somalia,726,SOM,,,,,,,,,,,,,,,,,,,,,,,,,,,,,,,,,,,,,,
South Africa,199,ZAF,2853.526,2865.01,2561.74,2783.1,2400.34,1792.065,2003.023,2570.271,2704.735,2753.513,3140.342,3289.043,3481.424,3390.848,3446.835,3752.371,3499.207,3555.703,3159.402,3087.271,3039.041,2667.881,2520.59,3772.06,4868.697,5412.942,5638.677,6123.957,5802.368,5926.398,7380.615,8083.126,7574.427,6907.599,6508.779,5800.506,5326.729,6182.253
South Sudan,733,SSD,,,,,,,,,,,,,,,,,,,,,,,,,,,,,,,,1644.739,1041.463,1337.232,1309.952,1051.185,241.527,234.336
Spain,184,ESP,6112.881,5368.609,5158.755,4490.713,4460.603,4683.157,6461.294,8167.057,9574.946,10540.022,13649.281,14661.18,15973.582,13376.558,13386.457,15437.363,16055.974,14746.417,15418.912,15774.437,14721.704,15365.803,17075.474,21528.292,24981.314,26547.913,28530.039,32748.087,35725.345,32412.772,30803.472,31868.855,28583.739,29237.722,29686.682,25849.685,26681.824,28377.759
Sri Lanka,524,LKA,322.965,331.567,353.509,377.207,437.452,428.513,454.721,468.846,485.167,482.128,546.34,591.047,629.976,666.435,761.443,802.019,873.67,968.151,992.407,992.638,1031.359,983.965,1027.565,1125.194,1221.079,1431.295,1645.073,1869.834,2336.438,2396.633,2807.661,3212.756,3349.776,3608.294,3818.396,3842.252,3856.824,4073.44
St. Kitts and Nevis,361,KNA,1338.747,1609.725,1847.251,1829.835,2144.801,2406.13,2851.256,3289.063,3926.955,4392.77,4969.878,4912.915,5386.942,5806.085,6407.518,6819.77,7195.174,8010.438,8260.891,8670.829,9544.827,10327.642,10652.251,10270.537,11032.717,11884.778,13355.566,14541.886,15762.704,15074.213,14904.948,15742.955,15219.198,15977.284,17061.303,17247.171,17485.915,17905.339
St. Lucia,362,LCA,1307.489,1472.199,1370.524,1455.75,1830.898,2038.936,2400.742,2613.95,2947.654,3281.755,3865.76,4036.227,4364.173,4403.753,4499.232,4716.078,4798.43,4817.864,5164.448,5365.735,5348.428,5056.054,5059.127,5499.454,5875.116,6182.276,6818.842,7600.339,7554.224,7762.925,8440.588,8629.369,8502.323,8674.491,8954.21,9466.526,9678.511,10312.361
St. Vincent and the Grenadines,364,VCT,836.554,1028.229,1136.548,1212.18,1329.011,1423.424,1561.255,1693.036,1923.88,2047.706,2274.42,2392.789,2610.526,2689.605,2719.644,2969.99,3116.21,3270.011,3513.884,3675.552,3728.551,4047.314,4327.554,4494.099,4847.173,5091.592,5623.323,5973.546,6366.698,6172.788,6224.215,6171.48,6318.54,6569.923,6622.343,6867.925,7000.324,7124.386
Sudan,732,SDN,486.908,339.389,239.807,318.513,375.019,253.184,328.588,516.781,404.705,696.391,87.197,95.292,113.476,186.506,205.922,239.507,292.909,350.723,366.582,352.442,422.316,492.676,554.652,635.575,772.939,996.677,1249.767,1599.596,1700.513,1401.244,1637.419,2034.461,1396.292,1462.582,1628.497,1698.87,1403.228,1120.008
Suriname,366,SUR,,,,,,,,,,,1320.196,1434.456,1313.625,1020.848,1133.128,2120.745,2605.667,2750.695,3264.332,2649.744,2712.6,2301.928,2872.138,3335.527,3789.587,4483.534,5208.555,5758.066,6832.947,7394.097,8224.066,8190.699,9194.151,9351.962,9379.003,8439.174,5498.942,5260.044
Sweden,144,SWE,16611.449,15153.907,13370.536,12287.58,12780.659,13345.566,17574.09,21282.666,23951.918,24985.746,29792.963,31075.224,32142.437,24034.57,25672.068,29911.82,32614.252,29932.755,30180.212,30601.857,29287.801,26970.431,29566.176,36936.664,42407.825,43048.112,46145.739,53185.652,55592.669,46047.306,51925.595,59454.397,56978.613,60069.346,58930.154,50565.098,51245.363,52924.365
Switzerland,146,CHE,18869.568,17190.991,17508.115,17360.011,16532.256,16694.338,23816.313,29646.522,31881.397,30545.678,38660.028,38655.814,39686.859,38242.326,41996.762,48833.742,46764.51,40469.55,41547.909,40642.238,37993.795,38715.763,41554.546,48284.636,53446.727,55115.307,57801.077,63959.837,72941.175,70321.898,74884.834,88903.378,83958.545,85675.755,87161.617,82510.452,80490.76,80642.579
Syria,463,SYR,1421.836,1763.344,1784.577,1849.427,1839.915,1965.139,2284.039,2823.157,1389.823,800.859,967.145,972.175,983.575,995.061,1060.707,1133.162,1186.162,1080.812,1028.169,1043.174,1202.891,1236.897,1305.087,1208.885,1361.499,1510.392,1726.028,2016.052,2557.211,2557.267,2806.685,,,,,,,
Taiwan Province of China,528,TWN,2367.6,2692.406,2675.823,2882.402,3203.468,3295.112,4010.111,5325.216,6337.499,7577.046,8178.152,9092.114,10725.702,11200.814,12108.752,13076.007,13597.248,13968.097,12787.258,13768.274,14876.879,13408.383,13715.525,14094.37,15360.724,16503.313,16984.54,17780.925,18102.946,16959.775,19261.667,20911.643,21269.614,21887.992,22638.917,22373.564,22572.702,24389.677
Tajikistan,923,TJK,,,,,,,,,,,,,52.622,121.645,147.923,100.448,183.374,192.58,222.282,177.712,159.417,167.035,187.958,236.394,308.844,337.129,401.586,519.025,702.445,666.024,738.287,834.52,949.648,1040.15,1105.197,919.073,795.981,800.802
Tanzania,738,TZA,398.213,462.384,515.824,513.729,454.85,399.694,492.451,236.583,221.861,181.658,138.792,157.932,140.479,125.671,129.715,147.749,179.54,211.07,303.01,363.109,378.494,378.881,383.7,399.475,425.476,450.395,481.665,541.793,671.868,683.856,725.765,765.333,882.479,996.777,1069.71,993.839,1022.542,1064.457
Thailand,578,THA,718.751,751.856,773.787,835.332,853.682,775.776,840.475,969.076,1159.092,1349.927,1571.257,1777.473,2025.518,2234.179,2515.154,2871.564,3071.062,2492.616,1866.597,2057.318,2030.725,1921.673,2133.115,2404.937,2714.64,2955.79,3442.387,4058.386,4471.123,4298.296,5174.529,5600.64,5979.218,6296.192,6079.686,5967.672,6113.799,6730.558
Timor-Leste,537,TLS,,,,,,,,,,,,,,,,,,,,,489.866,569.609,554.016,580.466,1132.771,1870.683,2687.664,2851.49,4246.847,3060.187,3782.707,5272.736,6052.99,5002.922,3494.848,2620.3,2079.628,2239.694
Togo,742,TGO,556.562,447.164,363.666,334.431,296.437,300.4,407.291,463.246,500.235,477.391,560.68,541.946,557.234,416.361,315.859,406.548,431.283,425.029,388.934,377.803,311.499,300.953,337.732,409.209,427.308,422.158,425.298,444.013,539.752,533.049,527.823,579.544,565.01,613.632,633.067,563.759,589.74,614.969
Tonga,866,TON,802.903,886.55,878.894,853.099,890.429,836.907,999.884,1081.019,1264.565,1523.205,1578.512,1816.713,1868.532,1944.448,2103.954,2199.634,2410.489,2254.233,2012.456,2035.946,1965.571,1775.167,1908.075,2108.806,2454.269,2788.968,2889.027,3142.198,3337.897,3295.282,3788.677,4412.213,4442.354,4303.082,4277.608,4021.72,4249.137,4520.886
Trinidad and Tobago,369,TTO,5844.663,6451.064,7389.246,6935.75,6827.598,6407.753,4118.845,4083.147,3796.412,3623.428,4219.122,4390.015,4471.243,3741.17,4024.875,4319.496,4655.849,4629.726,4869.365,5475.183,6541.694,7042.209,7158.999,8927.638,10438.77,12467.75,14273.555,16807.873,21464.21,14801.21,16957.995,19320.961,19208.072,20173.251,20288.06,18470.339,15913.981,16107.406
Tunisia,744,TUN,1482.823,1390.414,1309.899,1322.84,1286.6,1271.845,1312.226,1382.408,1411.506,1386.015,1636.643,1687.19,1973.446,1814.879,1903.845,2156.454,2299.375,2210.809,2295.188,2388.986,2213.949,2254.913,2345.99,2762.051,3112.91,3194.48,3371.538,3778.375,4308.482,4131.023,4140.485,4256.837,4137.576,4198.848,4274.471,3827.641,3666.308,3464.718
Turkey,186,TUR,2132.148,2111.547,1875.285,1752.07,1667.262,1833.859,1982.413,2259.887,2335.486,2707.186,3735.77,3686.18,3817.294,4259.482,3024.163,3877.104,4095.582,4220.595,4387.308,4019.001,4218.859,3053.282,3589.386,4642.902,5952.828,7277.942,7898.992,9562.939,10691.762,8881.762,10475.567,11140.952,11552.693,12395.369,12022.18,10914.886,10817.389,10537.186
Turkmenistan,925,TKM,,,,,,,,,,,,,239.149,1335.633,1102.518,1394.427,554.283,614.767,647.355,861.861,1109.216,1514.431,1880.287,2443.634,3004.972,3596.234,4429.641,5312.927,4350.129,4036.459,4439.203,5649.978,6675.276,7304.421,7962.366,6432.669,6412.135,6642.523
Tuvalu,869,TUV,,,,,,,,,,,,,,,,,,,,,,,1661.535,1946.376,2255.915,2229.48,2324.759,2713.056,3053.405,2683.967,3059.159,3687.994,3541.906,3499.048,3459.462,3280.974,3362.05,3688.651
Uganda,746,UGA,512.2,804.731,541.848,601.022,447.813,396.289,381.127,592.632,591.643,462.395,363.928,183.801,166.503,190.45,266.865,309.747,309.377,326.722,310.18,285.563,273.964,268.065,278.964,278.825,331.993,372.282,406.739,488.914,604.626,628.759,662.223,669.297,755.416,767.235,775.095,646.894,676.948,702.244
Ukraine,926,UKR,,,,,,,,,,,,,427.863,677.261,740.97,752.339,914.348,1037.893,874.265,664.99,664.376,784.864,885.315,1055.946,1374.753,1839.515,2319.286,3101.388,3944.724,2557.279,2982.814,3589.632,3872.534,3968.797,3053.608,2124.619,2200.002,2655.939
United Arab Emirates,466,ARE,40014.582,40910.917,35767.654,31690.067,29017.094,27035.998,20533.019,21644.071,18435.195,20478.526,26621.511,25847.406,25960.965,25654.369,25762.53,26394.423,29058.859,29523.485,25897.653,27321.043,34688.979,32621.292,32790.711,35017.312,39304.507,43988.667,44313.586,41472.286,39074.838,30920.447,35064.255,41194.733,42723.581,43197.43,43340.018,37380.571,36226.239,37732.656
United Kingdom,112,GBR,10734.566,10429.255,9925.51,9456.7,8943.273,9491.989,11551.068,14294.994,17364.253,17617.847,20808.225,21671.879,22305.36,19925.662,21344.249,23026.709,24256.456,26647.953,28077.336,28435.056,28043.874,27510.331,29912.986,34302.415,40111.752,41842.698,44403.814,50315.557,47469.38,38601.319,39122.192,41649.659,42023.101,42981.253,47003.879,44494.861,40657.859,39975.378
United States,111,USA,12552.943,13948.701,14404.994,15513.679,17086.441,18199.32,19034.766,20000.968,21375.999,22814.077,23847.977,24302.776,25392.931,26364.192,27674.021,28671.48,29946.973,31440.087,32833.666,34494.539,36317.741,37101.103,37971.28,39411.546,41629.858,44025.56,46213.508,47869.24,48283.413,47007.674,48402.581,49825.501,51556.171,53061.235,54992.725,56770.397,57876.631,59894.998
Uruguay,298,URY,3810.865,4224.261,3431.162,1871.395,1768.228,1716.873,2119.542,2637.021,2712.191,2842.578,3289.118,3940.854,4501.823,5213.029,6015.243,6601.537,6974.809,7295.989,7667.105,7193.466,6817.363,6238.214,4073.418,3614.627,4102.584,5189.889,5842.813,6984.815,9029.327,9372.485,11859.898,14054.33,14961.681,16723.447,16572.362,15365.956,15139.12,16941.557
Uzbekistan,927,UZB,,,,,,,,,,,,,166.616,251.774,292.666,448.126,601.909,616.106,616.901,693.22,560.173,468.772,384.502,398.329,466.848,549.947,647.084,836.59,1056.624,1215.273,1404.853,1577.476,1753.442,1923.754,2069.774,2143.26,2124.108,1520.097
Vanuatu,846,VUT,1053.849,956.137,930.89,931.689,1111.403,976.747,918.675,989.126,1092.048,1054.904,1141.043,1333.385,1357.696,1277.011,1422.849,1479.565,1511.705,1537.62,1441.112,1435.664,1422.228,1317.091,1313.463,1542.059,1743.244,1824.378,1985.275,2353.462,2614.735,2593.711,2841.209,3093.464,3067.747,3108.791,3110.706,2880.948,2929.517,3158.835
Venezuela,299,VEN,4671.078,5085.58,5041.589,4883.234,3447.45,3472.186,3488.564,2619.24,3292.792,2378.158,2492.939,2685.293,2968.496,2876.077,2741.979,3559.77,3174.631,3777.785,3973.415,4121.578,4823.961,4965.408,3790.656,3265.553,4309.504,5418.439,6609.949,8133.306,10464.263,8442.837,10316.832,11541.876,11287.303,7869.442,7029.892,10568.1,9092.02,4717.533
Vietnam,582,VNM,513.965,250.859,326.329,482.44,822.549,251.202,556.019,674.88,365.892,97.158,98.032,113.654,144.149,189.261,230.314,288.874,337.524,361.908,360.925,374.722,401.567,413.342,440.209,489.034,603.668,699.682,796.928,920.463,1154.493,1181.448,1297.226,1532.311,1750.756,1898.898,2047.429,2085.714,2172.012,2353.356
Yemen,474,YEM,,,,,,,,,,,1046.183,1158.438,1351.436,1558.429,1919.182,840.832,411.266,418.526,374.911,439.292,539.641,532.421,560.031,597.771,682.148,797.704,881.648,971.326,1171.169,1060.926,1266.787,1302.302,1367.715,1515.946,1574.246,1507.171,1063.025,894.642
Zambia,754,ZMB,718.795,718.743,672.013,562.441,448.532,412.851,276.151,332.268,543.316,561.832,509.752,446.778,424.949,405.587,405.544,410.542,378.71,440.701,352.627,330.283,340.164,376.986,376.468,429.01,530.54,691.785,1030.282,1103.452,1365.692,1134.758,1456.162,1635.505,1724.711,1839.537,1727.026,1310.354,1252.698,1500.646
Zimbabwe,698,ZWE,,,,,,,,,,,1036.534,936.263,748.65,702.439,714.032,717.092,849.876,881.223,1029.202,1003.834,969.824,964.08,922.878,822.472,806.898,764.632,677.881,646.558,553.376,790.352,975.851,1131.836,1310.366,1421.548,1415.027,1412.315,1382.89,1471.406