Country,ISO,1999,2000,2001,2002,2003,2004,2005,2006,2007,2008,2009,2010,2011,2012,2013,2014,2015,2016,2017
Afghanistan,AFG,,,,196.683,196.954,214.23,248.049,270.189,321.441,377.256,430.867,532.072,602.183,661.087,635.635,629.332,594.513,560.601,569.531
Albania,ALB,1032.264,1127.64,1283.573,1425.125,1846.119,2373.58,2673.729,2975.623,3594.101,4377.04,4130.929,4098.125,4438.925,4248.814,4422.674,4575.416,3944.876,4126.557,4539.247
Algeria,DZA,1630.071,1794.695,1768.577,1806.86,2128.385,2636.309,3141.027,3508.959,3986.564,4943.502,3886.059,4480.719,5453.894,5574.507,5477.055,5466.329,4153.322,3921.291,4016.087
Angola,AGO,452.677,652.11,619.697,841.42,951.969,1222.038,1862.424,2561.859,3099.087,4081.688,3146.802,3641.444,4716.253,5245.023,5436.516,5625.736,4354.921,3676.826,4303.696
Antigua and Barbuda,ATG,10349.505,10981.376,10414.643,10482.368,10893.152,11582.523,12738.001,14264.568,15996.056,16514.078,14616.947,13613.471,13346.768,14006.82,13646.242,14436.522,15219.198,16225.279,16619.974
Argentina,ARG,8452.876,8386.587,7851.658,2898.289,3648.061,4314.397,5163.55,5976.082,7315.726,9146.79,8337.811,10412.945,12787.806,13889.792,14488.829,13208.831,14895.316,12772.868,14588.011
Armenia,ARM,597.241,620.638,692.287,779.122,923.387,1180.399,1628.063,2128.151,3079.031,3913.436,2911.763,3121.778,3417.172,3575.529,3732.035,3889.004,3529.026,3526.336,3857.179
Aruba,ABW,19215.013,20678.398,20909.299,21081.787,21704.381,23421.303,23874.635,24389.24,26114.088,27204.889,24594.675,23468.6,24801.812,24236.809,24253.141,24599.296,24686.161,23988.63,24360.65
Australia,AUS,21726.343,20851.865,19431.456,21644.925,27222.017,32750.675,36151.042,37868.932,45105.41,49151.941,45685.238,56453.828,67222.144,68436.219,65170.853,61652.281,51493.961,51982.827,55957.72
Austria,AUT,27209.314,24631.577,24554.252,26482.842,32290.952,36871.579,38477.272,40672.614,46922.423,51953.557,48095.397,46958.519,51441.105,48615.817,50748.087,51814.366,44266.411,45105.749,47383.869
Azerbaijan,AZE,576.005,656.386,674.783,760.812,879.863,1039.818,1571.292,2458.421,3818.274,5578.556,4963.769,5880.806,7242.806,7545.873,7926.094,7939.169,5300.136,3897.707,4200.332
The Bahamas,BHS,25780.484,26669.443,27060.515,28477.069,28043.468,28239.082,30269.043,30908.214,31894.404,31248.612,29296.501,29303.265,28906.982,30433.059,29836.143,30422.013,32378.731,32147.404,32660.566
Bahrain,BHR,12210.221,14214.58,13894.343,13501.551,14486.061,15963.978,17966.224,19267.567,20908.338,23236.055,19465.292,20827.719,24080.43,25434.451,25965.311,25398.315,22714.299,22651.905,24399.252
Bangladesh,BGD,415.371,412.334,406.41,419.69,454.097,485.663,495.486,523.025,584.5,655.954,728.387,807.531,857.496,916.025,1030.028,1163.041,1303.18,1458.851,1605.994
Barbados,BRB,11039.097,11337.027,11284.369,11442.562,11788.654,12612.206,13939.669,15334.01,16925.611,17254.227,16036.404,16203.257,16599.012,16371.952,16556.104,16572.311,16626.218,16984.99,17462.964
Belarus,BLR,1165.601,1277.052,1247.469,1480.153,1811.855,2370.274,3115.513,3838.293,4726.479,6366.189,5345.325,6023.149,6472.739,6938.067,7977.147,8316.012,5941.24,5022.472,5757.286
Belgium,BEL,25508.413,23298.473,23189.549,25186.003,30857.164,35711.777,37143.311,39020.109,44638.2,48850.72,45176.141,44691.381,47951.073,44977.07,46784.987,47550.179,40585.196,41545.958,43672.411
Belize,BLZ,3013.08,3330.955,3388.367,3516.41,3618.466,3743.261,3818.446,4040.716,4143.093,4249.069,4135.734,4316.256,4475.07,4588.804,4599.123,4742.917,4811.578,4806.073,4828.354
Benin,BEN,404.155,375.215,378.979,419.994,520.205,583.996,602.79,626.338,706.995,823.982,795.512,759.065,826.7,838.435,916.135,946.498,786.172,791.495,832.834
Bhutan,BTN,730.512,773.491,783.204,842.667,932.757,1056.226,1171.862,1288.486,1501.905,1865.177,1721.428,1998.765,2382.108,2445.204,2451.849,2387.788,2604.186,2675.388,2990.924
Bolivia,BOL,1010.58,1005.409,959.844,914.958,918.468,979.59,1049.064,1199.579,1344.698,1695.451,1711.424,1896.236,2255.504,2605.186,2886.41,3110.566,3068.363,3128.687,3437.724
Bosnia and Herzegovina,BIH,1533.908,1474.45,1533.616,1777.342,2242.967,2686.001,2891.677,3296.751,4060.061,4971.824,4697.839,4611.347,5050.025,4716.643,5036.032,5194.014,4584.264,4808.299,5180.778
Botswana,BWA,3173.687,3301.212,3090.261,3017.716,4119.412,4840.806,5338.237,5352.865,5676.255,5641.182,5183.686,6374.994,7503.961,7710.797,7007.254,7497.686,6538.616,6958.336,7584.05
Brazil,BRA,3502.751,3771.94,3177.826,2853.565,3086.087,3655.333,4814.67,5914.458,7385.328,8873.189,8641.655,11327.459,13295.722,12426.686,12357.57,12176.246,8846.376,8752.328,9928.234
Brunei Darussalam,BRN,16112.075,20511.076,18680.432,18845.723,20821.905,24294.89,29514.112,34941.384,36692.724,42678.823,31287.184,35437.219,47092.296,47772.207,44860.428,41947.16,31355.736,27318.051,28278.434
Bulgaria,BGR,1673.66,1613.935,1783.719,2074.575,2689.768,3344.622,3839.448,4444.514,5812.68,7152.785,6859.679,6743.737,7836.578,7399.392,7667.592,7888.558,7017.414,7496.084,8274.48
Burkina Faso,BFA,267.017,226.844,237.449,261.756,332.878,371.688,407.819,419.807,475.793,572.441,554.18,574.328,667.452,674.196,700.246,704.984,575.621,584.213,643.416
Burundi,BDI,133.412,130.225,127.349,116.392,108.066,122.381,148.71,164.575,170.174,195.79,208.78,231.549,247.097,250.118,267.696,296.186,294.496,298.006,312.463
Cabo Verde,CPV,1529.878,1354.544,1387.167,1502.613,1937.154,2186.533,2297.77,2572.566,3112.286,3638.904,3444.555,3312.826,3670.434,3408.481,3558.798,3535.387,2996.793,3083.574,3249.523
Cambodia,KHM,293.699,299.982,320.046,337.501,360.659,405.629,470.683,536.151,627.78,741.855,734.655,781.912,877.635,945.702,1009.343,1090.709,1163.414,1270.484,1387.943
Cameroon,CMR,707.439,630.698,649.524,705.615,862.274,1004.871,1007.39,1056.26,1187.884,1368.943,1309.147,1282.461,1402.671,1357.119,1471.227,1552.471,1338.603,1377.865,1441.379
Canada,CAN,22339.861,24301.106,23860.724,24294.894,28337.814,32182.891,36428.387,40557.364,44714.784,46775.922,40934.5,47625.003,52271.536,52753.346,52726.053,50958.059,43615.795,42446.551,45223.971
Central African Republic,CAF,290.99,243.232,242.266,255.649,289.835,322.802,337.641,362.233,413.345,474.39,464.514,456.564,495.035,480.053,329.444,362.872,330.563,359.365,388.603
Chad,TCD,238.555,210.22,252.59,287.299,360.742,567.507,739.405,804.48,915.118,1072.769,933.675,1046.89,1162.474,1155.526,1180.371,1240.999,946.877,851.544,811.783
Chile,CHL,4952.689,5071.555,4572.852,4443.656,4770.309,6192.907,7600.083,9473.008,10507.889,10749.235,10219.734,12793.548,14610.753,15307.766,15804.358,14643.845,13571.968,13775.713,15127.763
China,CHN,872.226,958.566,1053.129,1150.227,1293.124,1512.635,1765.732,2110.563,2703.003,3467.03,3837.903,4524.055,5582.887,6329.464,7080.828,7701.691,8166.756,8115.828,8677.4
Colombia,COL,2588.918,2455.11,2383.312,2347.506,2240.207,2737.578,3384.606,3717.547,4684.011,5444.823,5170.526,6285.198,7264.109,7950.381,8103.486,7998.843,6088.678,5799.615,6325.486
Comoros,COM,421.218,374.641,399.109,446.955,564.642,615.437,641.618,651.581,732.773,816.981,802.234,793.273,866.916,823.779,884.68,898.648,742.284,759.684,784.741
Democratic Republic of the Congo,COD,410.453,397.025,165.273,165.757,159.636,172.83,187.188,216.815,240.339,272.142,252.439,275.665,318.049,346.375,398.627,425.406,441.581,439.01,449.242
Republic of Congo,COG,845.576,1126.961,954.134,1006.064,1138.187,1475.48,1886.102,2335.388,2192.48,2936.932,2624.081,3364.131,3950.862,3555.944,3561.155,3492.5,2067.086,1835.828,2068.231
Costa Rica,CRI,3703.132,3927.591,4029.576,4108.17,4213.892,4470.856,4743.154,5295.906,6187.386,7003.463,6897.244,8264.202,9260.859,10054.526,10632.948,10679.134,11422.598,11779.244,11810.183
Ivory Coast,CIV,787.07,664.259,676.153,726.988,878.415,925.951,931.407,945.846,1053.562,1222.774,1194.375,1193.214,1199.676,1220.329,1388.016,1528.191,1397.297,1450.918,1527.651
Croatia,HRV,5132.691,4970.211,5409.891,6241.222,8051.027,9354.099,10208.612,11348.389,13550.444,15892.036,14159.41,13550.438,14579.303,13249.445,13664.967,13610.802,11779.008,12367.801,13382.057
Cyprus,CYP,15379.994,14464.816,14904.894,16188.531,20389.337,23969.818,25527.252,27448.397,31774.607,36030.545,32635.742,31262.532,32692.864,29066.119,27825.717,27273.933,23248.193,24119.947,25954.833
Czech Republic,CZE,6304.157,5997.685,6599.308,8028.361,9777.814,11687.92,13362.343,15206.395,18434.536,22819.462,19787.766,19831.401,21736.836,19739.899,19912.51,19768.84,17728.702,18485.235,20409.984
Denmark,DNK,33492.354,30798.717,30806.607,33275.556,40512.045,46571.283,48872.095,52121.249,58641.193,64531.119,58286.537,58177.162,61864.093,58623.414,61325.575,62729.499,53478.495,54665.215,57380.204
Djibouti,DJI,870.939,871.161,880.352,884.072,905.262,934.845,967.29,1020.629,1094.968,1235.838,1240.597,1306.536,1433.171,1522.945,1592.86,1690.668,1788.363,1902.754,1988.765
Dominica,DMA,4657.561,4681.178,4775.344,4680.264,4825.77,5165.218,5127.438,5497.251,5939.91,6463.44,6903.996,6975.991,7082.209,6868.992,7187.65,7466.584,7564.368,8220.134,7819.135
Dominican Republic,DOM,2674.828,2894.303,3007.381,3158.393,2460.554,2540.849,4008.356,4188.715,4803.473,5194.799,5151.172,5688.751,6063.35,6274.865,6413.934,6693.685,6903.42,7189.4,7482.487
Ecuador,ECU,1598.768,1461.838,1909.424,2180.386,2434.977,2700.118,3025.012,3351.476,3588.311,4267.473,4241.938,4633.247,5192.875,5664.886,6030.502,6347,6099.351,6046.302,6216.606
Egypt,EGY,1532.889,1642.629,1569.035,1356.683,1254.101,1195.373,1330.459,1563.479,1861.052,2270.356,2578.046,2921.757,3077.343,3383.113,3400.321,3524.418,3731.177,3686.07,2495.02
El Salvador,SLV,1935.54,2007.654,2078.263,2132.019,2218.407,2287.468,2437.48,2634.332,2790.006,2938.711,2860.537,2978.756,3251.084,3400.182,3466.381,3529.546,3628.058,3704.235,3787.329
Equatorial Guinea,GNQ,1250.993,1881.301,2614.2,3093.251,5419.704,8209.468,10806.146,12732.027,15761.84,22742.384,16530.21,17136.445,21451.886,21557.65,20246.992,19245.653,11213.474,9196.29,9692.34
Eritrea,ERI,208.742,182.647,188.674,177.498,205.687,254.742,245.357,263.273,278.986,284.696,373.464,415.537,500.094,573.163,643.774,710.245,779.326,860.273,979.692
Estonia,EST,4129.787,4084.362,4509.296,5325.038,7186.936,8859.481,10352.252,12613.018,16606.571,18162.457,14771.009,14672.328,17470.842,17431.54,19078.213,20267.044,17421.214,18235.584,20240.905
Eswatini,SWZ,1861.496,1818.67,1599.207,1473.717,2235.678,2797.022,3174.588,3262.223,3402.163,3214.488,3479.71,4263.91,4603.196,4568.746,4291.197,4090.959,3730.31,3515.192,4060.498
Ethiopia,ETH,128.213,129.678,125.722,116.789,120.873,138.553,165.218,198.344,249.209,334.145,397.808,360.829,379.381,493.321,535.264,613.101,702.767,777.294,817.49
Fiji,FJI,2444.91,2103.817,2056.937,2266.294,2824.116,3301.379,3608.577,3699.208,4034.938,4187.669,3395.695,3697.237,4422.608,4632.025,4863.456,5179.865,4995.77,5209.31,5527.537
Finland,FIN,26242.128,24342.604,24963.415,26946.518,32915.019,37736.545,39103,41238.707,48463.305,53785.144,47337.938,46391.713,50960.182,47553.397,49766.126,50087.853,42505.91,43582.433,45937.75
France,FRA,25549.696,23207.839,23240.837,25113.254,30675.365,35004.53,36082.12,37793.808,43059.907,47191.131,43176.385,42181.583,45410.097,42371.124,44145.229,44616.405,37937.853,38253.422,40045.578
Gabon,GAB,4222.734,4477.321,4065.16,4206.24,5014.408,5835.668,6947.513,7270.687,8652.12,10426.212,7854.2,8933.942,10891.096,9903.189,9760.882,9746.775,7453.113,7082.286,7369.343
The Gambia,GMB,903.464,854.358,822.49,704.994,648.807,716.938,746.113,718.073,827.647,1015.355,907.499,963.529,800.32,789.626,735.236,656.497,693.01,708.855,705.038
Georgia,GEO,668.265,742.658,797.114,850.804,1006.45,1301.716,1636.703,1992.091,2626.832,3325.488,2811.925,3062.853,3825.156,4237.928,4340.711,4441.774,3759.598,3856.067,4046.89
Germany,DEU,27053.846,24003.789,23945.534,25565.13,30779.565,34646.669,35236.678,37018.783,42531.246,46681.071,42576.208,42641.416,46852.925,44089.275,46544.947,48218.87,41415.169,42460.686,44770.578
Ghana,GHA,1011.726,606.32,630.327,714.156,858.791,970.464,1147.602,1315.805,1516.054,1677.368,1462.796,1745.539,2123.648,2184.39,2389.773,1962.658,1753.851,1941.46,2037.953
Greece,GRC,13901.672,12268.253,12577.02,14171.836,18530.221,22007.85,22624.066,24857.207,28899.948,32198.014,29819.229,26972.873,25896.934,22171.911,21805.257,21726.89,18114.716,18110.873,18897.637
Grenada,GRD,4751.576,5117.59,5109.959,5292.233,5773.074,5836.178,6754.513,6766.487,7324.191,7947.427,7395.064,7365.642,7410.478,7583.189,7956.077,8569.927,9333.271,9892.48,10451.031
Guatemala,GTM,1448.276,1475.207,1568.379,1701.769,1753.339,1872.738,2077.835,2256.559,2489.954,2794.241,2635.743,2825.507,3187.836,3299.603,3452.83,3687.748,3923.56,4140.717,4469.457
Guinea,GIN,557.831,461.784,427.879,444.663,517.03,538.88,470.57,426.419,628.711,675.387,637.478,631.291,540.562,637.791,712.982,729.798,712.047,687.118,801.89
Guinea-Bissau,GNB,347.737,304.618,311.913,328.781,375.135,409.126,442.734,436.702,502.821,613.081,571.99,582.54,736.686,649.026,671.136,662.382,643.916,708.398,793.622
Guyana,GUY,1549.823,1513.77,1517.114,1560.957,1612.484,1697.202,1766.006,1956.018,2334.01,2560.997,2693.189,3004.231,3414.761,3779.463,3926.363,4029.779,4168.479,4531.241,4578.204
Haiti,HTI,494.256,462.491,413.718,393.004,329.766,387.951,465.33,505.495,615.81,674.858,668.272,662.013,740.848,766.807,810.172,829.911,809.672,753.91,783.789
Honduras,HND,1009.365,1088.783,1130.406,1132.872,1157.306,1217.655,1311.741,1437.626,1592.571,1751.597,1802.875,1919.472,2113.277,2178.415,2136.742,2242.712,2341.277,2382.608,2491.474
Hong Kong SAR,HKG,24969.005,25574.491,25166.902,24731.081,23856.482,24873.898,26551.769,28028.157,30494.551,31487.94,30593.991,32422.056,34951.031,36619.811,38230.066,40182.28,42321.712,43496.299,46091.216
Hungary,HUN,4795.711,4628.314,5276.6,6655.221,8413.014,10286.309,11193.837,11441.421,13893.381,15729.058,13019.039,13073.96,14097.944,12873.202,13646.269,14182.698,12487.225,12818.716,14264.252
Iceland,ISL,32539.786,32265.459,28957.269,32433.603,39567.447,47612.444,57267.863,57408.956,69928.197,56759.305,41220.967,43080.596,47600.734,46073.943,49815.679,54527.563,52838.356,62004.698,72389.872
India,IND,462.218,462.978,471.701,491.989,571.555,656.517,747.335,837.46,1076.835,1048.735,1153.188,1422.929,1497.746,1481.562,1485.595,1610.355,1639.69,1761.626,2014.013
Indonesia,IDN,829.574,870.154,834.139,1002.907,1186.845,1280.696,1403.876,1764.79,2064.232,2418.043,2464.956,3178.133,3688.531,3744.53,3684,3533.606,3367.691,3605.721,3884.718
Islamic Republic of Iran,IRN,4387.747,5698.409,5119.721,1957.433,2272.5,2734.027,3288.366,3834.729,4929.064,5621.054,5608.976,6504.869,7680.859,5118.474,5152.037,5395.791,4723.476,5026.648,5289.795
Iraq,IRQ,,,,,608.655,1373.738,1828.738,2321.258,3090.851,4472.118,3701.862,4473.71,5848.537,6692.576,7021.406,6704.313,5047.118,4714.468,5210.644
Ireland,IRL,26189.625,26151.622,28079.52,32438.465,40921.155,47336.152,50475.596,53762.863,60812.431,61193.195,52100.83,48716.462,51931.995,48892.231,51550.927,55534.102,61702.511,63289.731,68722.578
Israel,ISR,19127.555,21038.051,20302.391,18433.046,18963.273,19885.354,20559.211,21836.337,24907.918,29557.068,27726.359,30670.34,33713.121,32556.96,36359.933,37750.29,35869.725,37382.957,40560.256
Italy,ITA,21967.88,20112.612,20419.537,22288.641,27488.526,31239.993,31958.532,33339.747,37685.357,40689.108,36849.944,35657.647,38003.359,34469.65,35219.817,35456.675,30153.407,30824.303,32132.468
Jamaica,JAM,3473.435,3510.575,3529.711,3700.053,3562.456,3816.905,4187.91,4430.505,4756.273,5054.564,4435.269,4812.255,5232.302,5332.494,5104.904,4953.222,5029.073,4986.453,5193.489
Japan,JPN,36039.077,38535.586,33850.883,32300.666,34831.196,37696.723,37223.77,35463.873,35342.476,39453.494,41014.185,44673.608,48168.804,48632.903,40490.155,38156.33,34568.925,38804.858,38344.022
Jordan,JOR,1624.979,1657.911,1728.164,1812.292,1889.218,2061.461,2203.088,2537.302,2762.815,3384.153,3492.099,3679.19,3826.552,3930.945,4054.771,4129.994,4145.481,4151.16,4201.656
Kazakhstan,KAZ,1132.126,1230.49,1491.652,1657.151,2062.291,2862.5,3753.439,5261.026,6733.448,8349.288,7116.504,9005.26,11553.127,12300.476,13789.254,12712.103,10434.755,7658.458,8953.477
Kenya,KEN,500.113,479.303,479.603,473.995,524.743,549.163,621.283,743.439,895.226,978.454,982.003,1038.953,1054.979,1238.875,1318.788,1431.319,1453.296,1559.391,1695.151
Kiribati,KIR,832.622,802.478,732.872,824.831,1016.381,1128.371,1212.132,1166.435,1376.275,1456.908,1332.071,1518.57,1741.139,1798.255,1731.38,1655.862,1556.496,1598.885,1641.565
Korea,KOR,10409.356,11947.604,11252.866,12782.543,14209.341,15907.677,18639.523,20888.38,23060.709,20430.64,18291.92,22086.953,24079.79,24358.78,25890.016,27811.367,27105.078,27608.248,29749.796
Kosovo,UVK,,1423.317,1706.38,1788.219,2182.801,2219.995,2265.779,2340.117,2792.682,3323.131,3243.825,3290.697,3763.399,3581.934,3885.783,4098.918,3637.434,3766.258,4026.798
Kuwait,KWT,13358.134,17012.776,15108.112,15759.074,18786.749,21585.563,27014.773,31907.199,33732.522,42827.126,30414.739,32216.413,41657.444,45726.188,44754.341,40278.045,27398.083,25267.146,26863.331
Kyrgyz Republic,KGZ,254.832,277.937,307.038,320.43,378.357,431.162,473.873,540.539,719.775,960.95,865.597,875.264,1116.335,1166.15,1269.791,1266.639,1109.428,1109.589,1231.145
Lao P.D.R.,LAO,278.724,333.16,334.638,345.385,416.07,479.63,542.382,686.652,822.36,1013.823,1080.469,1242.962,1463.469,1640.935,1899.979,2075.142,2212.402,2416.855,2555.093
Latvia,LVA,3140.33,3334.254,3548.505,4116.125,5111.495,6315.403,7533.788,9635.172,14010.237,16316.827,12131.328,11228.129,13735.616,13762.164,14951.88,15680.89,13587.684,14071.876,15652.613
Lebanon,LBN,5436.75,5256.615,5163.658,5343.647,5260.892,5473.481,5390.208,5434.252,6086.795,7109.513,8480.989,8858.284,8734.189,8996.561,8882.804,8619.257,8540.387,8530.362,8778.472
Lesotho,LSO,501.76,487.528,403.301,441.119,637.051,794.361,851.046,870.724,1001.122,922.427,1082.998,1309.59,1431.874,1358.874,1273.884,1336.387,1179.115,1216.635,1352.702
Liberia,LBR,,329.508,329.222,329.274,260.968,307.058,316.487,360.524,424.942,512.351,504.518,550.36,640.709,707.708,777.479,777.021,764.411,772.393,754.663
Libya,LBY,7067.876,7388.136,6485.16,3833.574,4831.424,5988.392,8467.716,9659.637,11711.138,12570.871,8524.772,11417.422,5402.251,12693.637,8282.151,3876.411,2719.954,2903.741,4739.917
Lithuania,LTU,3113.638,3297.451,3530.201,4146.106,5505.586,6706.027,7880.346,9246.514,12313.169,15047.25,11866.627,12010.676,14386.61,14354.291,15695.744,16584.719,14299.136,14988.706,16863.646
Luxembourg,LUX,49539.609,49173.442,48489.549,53348.367,66045.429,76318.336,81104.54,90494.693,107013.816,115987.042,104357.921,106184.607,117340.49,108047.815,114998.316,120449.605,101665.002,102361.016,105712.976
Macao SAR,MAC,,,15611.341,16622.642,18346.564,22881.103,24969.752,28805.634,34084.156,38086.666,39615.339,50921.113,65867.576,73937.747,84859.859,86997.503,70132.996,70278.052,77414.524
Madagascar,MDG,243.816,246.283,278.987,262.742,317.421,245.67,275.516,292.991,379.066,472.38,417.177,414.145,456.329,444.958,462.46,452.81,400.348,399.689,447.657
Malawi,MWI,261.557,250.462,240.396,272.824,245.144,259.727,267.785,284.729,306.9,358.416,405.62,442.765,493.843,359.588,317.471,343.979,353.507,294.755,324.813
Malaysia,MYS,3710.067,4286.832,4130.378,4379.641,4673.914,5171.417,5599.049,6264.419,7378.585,8646.566,7439.435,8920.481,10252.588,10655.464,10699.659,11008.868,9511.81,9380.975,9827.669
Maldives,MDV,2842.658,2967.253,2780.451,2952.215,3690.792,4238.041,3960.43,5268.781,6128.46,7337.931,7450.777,8086.665,8078.262,8719.534,9766.148,10787.471,11781.094,12447.185,13510.169
Mali,MLI,331.765,277.783,316.174,345.481,404.829,453.969,504.789,539.577,616.721,716.361,721.976,732.454,861.687,801.084,827.347,872.027,772.639,802.407,853.905
Malta,MLT,9944.329,10440.479,10391.869,11337.664,13648.264,15126.472,15899.493,16765.532,19584.633,22116.124,20806.321,21150.423,22918.101,22070.54,24032.664,26319.614,24336.828,25411.365,27707.376
Marshall Islands,MHL,2148.98,2195.083,2309.828,2546.271,2576.426,2630.462,2740.614,2849.332,2978.24,2958.77,2962.443,3180.495,3302.319,3497.434,3590.891,3444.55,3363.371,3652.923,3775.942
Mauritania,MRT,534.706,477.468,464.222,460.947,528.573,601.782,697.549,965.561,1009.068,1167.525,1046.83,1203.375,1393.253,1364.277,1450.572,1326.665,1154.982,1089.425,1112.869
Mauritius,MUS,3859.149,4102.593,4026.943,4196.429,5005.417,5626.004,5516.198,5695.975,6574.664,8030.052,7318.126,8000.376,9197.043,9291.236,9637.016,10151.727,9258.563,9681.416,10491.068
Mexico,MEX,6019.94,7016.24,7409.68,7465.916,6964.629,7383.023,8189.161,8997.269,9588.507,9973.021,7975.422,9258.198,10204.512,10261.045,10764.334,10980.985,9673.643,8814.916,9376.986
Micronesia,FSM,2061.643,2179.424,2257.322,2277.946,2311.653,2268.897,2370.444,2413.778,2457.377,2531.364,2710.27,2885.869,3032.447,3192.666,3095.855,3112.864,3080.327,3241.255,3548.96
Moldova,MDA,385.906,434,489.91,551.248,658.922,866.001,999.052,1142.31,1478.475,2036.943,1831.31,1959.627,2364.735,2446.303,2669.23,2675.043,2174.329,2273.158,2726.536
Mongolia,MNG,520.73,552.979,610.301,662.699,747.092,919.755,989.177,1321.611,1616.137,2109.269,1687.55,2602.373,3702.359,4281.33,4293.834,4081.015,3842.536,3576.857,3597.858
Montenegro,MNE,,1577.088,1870.594,2062.168,2733.985,3370.871,3679.44,4431.06,5984.678,7402.671,6744.163,6694.342,7325.659,6590.433,7189.148,7389.886,6517.419,7028.208,7779.366
Morocco,MAR,1492.184,1373.92,1376.532,1453.941,1768.603,1999.125,2063.312,2242.729,2549.881,2946.926,2922.586,2896.564,3111.538,2979.738,3200.479,3259.721,2964.961,2996.652,3147.847
Mozambique,MOZ,290.316,255.35,243.134,257.603,279.204,330.198,361.492,382,423.366,502.5,475.416,429.948,524.891,589.818,604.999,619.907,528.934,379.004,426.091
Myanmar,MMR,154.663,195.621,182.31,162.283,197.611,246.159,274.473,295.172,362.973,512.417,643.149,800.245,1080,1156.903,1187.524,1230.527,1219.478,1156.891,1166.04
Namibia,NAM,1874.47,2139.706,1939.787,1811.249,2607.864,3440.966,3708.785,4007.733,4378.564,4198.55,4340.183,5410.977,5870.933,6038.862,5793.927,5717.763,5160.201,4852.047,5593.303
Nauru,NRU,,,,,,3122.457,3094.19,3113.76,2211.395,4185.191,4634.289,4936.669,7214.337,10005.006,10036.184,9872.939,8055.542,7823.642,8574.738
Nepal,NPL,231.853,241.384,243.808,243.256,253.616,287.4,319.028,348.632,393.848,473.841,480.72,592.152,695.694,681.792,688.584,705.94,747.161,730.984,849.011
Netherlands,NLD,28299.668,26220.068,26891.919,29294.213,35734.217,40404.223,42046.721,44901.089,51804.204,57916.253,52648.416,51046.246,54209.22,50100.615,52201.723,52914.136,45205.77,46027.694,48555.353
New Zealand,NZL,15280.988,13978.23,13560.579,15552.302,20304.755,24689.819,27206.073,26077.523,31784.19,31663.804,28099.897,33222.255,37985.398,39553.735,41775.712,43857.784,37741.881,38982.796,41350.257
Nicaragua,NIC,981.02,1016.421,1045.954,1010.053,1015.403,1091.002,1175.114,1240.992,1344.301,1518.805,1464.251,1526.494,1682.955,1792.041,1847.201,1975.465,2073.494,2143.812,2221.801
Niger,NER,188.221,159.23,164.088,180.832,223.463,237.215,263.785,275.509,312.751,382.36,368.278,378.205,410.743,431.37,462.028,481.612,411.122,418.272,433.74
Nigeria,NGA,496.495,570.17,598.294,748.313,797.64,982.976,1245.073,1591.326,1822.793,2234.359,1958.577,2365.013,2582.57,2797.857,3042.045,3268.391,2763.196,2207.861,1994.645
North Macedonia,MKD,1931.989,1878.237,1839.616,1974.061,2440.813,2796.622,3071.897,3359.608,4076.296,4838.148,4579.092,4576.228,5174.894,4728.267,5239.722,5498.606,4860.421,5153.016,5448.428
Norway,NOR,36278.683,38063.119,38501.575,42974.684,50023.114,57478.74,66652.737,73936.764,84946.459,96626.3,79836.109,87432.376,100307.39,101273.375,102722,96837.607,74280.697,70703.165,75513.639
Oman,OMN,6605.919,8120.715,7961.211,8108.723,8565.258,9635.825,11873.176,13938.207,15436.806,21866.269,16784.913,19774.797,22726.637,23282.204,21920.148,21814.151,18243.808,16447.318,17128.372
Pakistan,PAK,617.576,583.32,555.226,544.369,611.429,705.723,776.77,883.243,963.279,1037.612,998.186,1031.652,1218.342,1254.17,1266.742,1312.427,1424.954,1439.63,1545.938
Palau,PLW,,7567.544,8092.968,8365.523,7828.409,8345.659,9277.002,9534.878,9978.702,10365.912,9803.726,9999.052,10767.401,12304.297,12853.23,13961.499,16597.248,16828.691,15885.874
Panama,PAN,4070.418,4046.456,4029.975,4106.466,4244.176,4565.096,4886.41,5315.835,6127.034,7110.228,7532.399,8039.764,9314.687,10674.487,11841.893,12756.952,13606.597,14356.447,15198.089
Papua New Guinea,PNG,1030.838,1025.035,877.089,850.612,1012.581,1111.442,1264.811,1403.678,1576.142,1883.501,1833.075,2132.181,2552.03,2865.807,2800.157,2973.289,2605.935,2353.468,2463.624
Paraguay,PRY,1706.395,1675.793,1577.681,1312.083,1377.521,1693.886,1857.773,2284.975,2988.681,4047.755,3622.628,4347.206,5298.454,5151.373,5882.781,6050.042,5353.075,5259.938,5609.848
Peru,PER,1929.712,1962.982,1957.517,2036.375,2178.487,2429.335,2695.726,3121.91,3587.798,4227.529,4165.803,5051.256,5733.22,6402.12,6632.217,6561.775,6147.838,6175.884,6728.093
Philippines,PHL,1077.999,1051.973,970.377,1013.424,1024.77,1093.48,1208.934,1405.206,1683.688,1940.995,1851.073,2155.409,2379.941,2591.627,2768.472,2849.267,2882.768,2953.208,2988.897
Poland,POL,4339.597,4476.245,4978.051,5195.281,5691.335,6684.461,8019.766,9035.259,11264.718,14004.757,11541.353,12601.915,13886.833,13158.073,13777.295,14342.832,12565.735,12427.647,13867.607
Portugal,PRT,12490.929,11533.827,11737.174,12922.15,15799.892,18064.472,18815.438,19837.971,22811.573,24933.171,23122.556,22580.678,23217.343,20588.873,21625.482,22112.538,19262.274,19985.547,21334.134
Puerto Rico,PRI,15293.182,16192.127,18243.709,18972.77,19820.208,20988.989,21959.317,22935.951,23664.874,24898.335,25768.726,26435.742,27278.853,27944.742,28513.15,28981.343,29755.35,30475.357,31581.394
Qatar,QAT,21660.445,29914.266,28666.61,30748.535,35644.406,44051.659,54228.833,62920.646,69166.962,74189.292,59683.144,72953.444,96827.857,101933.117,99180.39,93054.141,66346.911,57965.377,62826.062
Romania,ROU,1611.132,1669.978,1817.045,2118.572,2768.119,3541.52,4662.666,5811.44,8262.407,10385.848,8517.598,8190.571,9081.724,8518.923,9537.82,10004.876,8950.463,9538.926,10761.712
Russia,RUS,1427.745,1899.41,2251.273,2547.868,3186.717,4392.862,5693.94,7395.819,9721.855,12429.087,9149.11,11406.188,14271.682,15358.085,15942.141,14305.57,9477.559,8909.547,10961.992
Rwanda,RWA,262.564,229.235,209.117,200.121,215.302,240.947,293.248,349.992,415.706,511.872,554.564,577.411,636.44,696.73,709.834,727.969,736.378,734.822,773.949
Samoa,WSM,1469.932,1511.677,1516.881,1595.803,1876.744,2280.71,2633.305,2775.164,3038.858,3634.995,3170.109,3430.856,3939.695,4233.328,4219.066,4178.979,4149.36,4015.214,4258.343
San Marino,SMR,,,,,,,,,72991.32,79170.462,66988.912,60430.541,57500.385,50335.061,51987.253,51234.811,43068.684,44309.093,45882.357
Sao Tome and Principe,STP,408.704,415.999,505.213,552.891,647.954,692.685,809.407,839.546,885.101,1117.491,1084.167,1107.873,1273.159,1342.707,1569.619,1763.383,1555.969,1705.692,1846.724
Saudi Arabia,SAU,8092.7,9256.541,8778.391,8822.507,9800.529,11467.097,14068.219,15603.985,16666.626,20157.298,16094.678,19163.337,23654.865,25208.162,24892.99,24580.472,21094.595,20317.679,21153.205
Senegal,SEN,676.012,603.472,609.716,651.454,815.154,928.964,981.308,1026.096,1204.905,1395.408,1297.944,1257.744,1345.409,1301.512,1343.179,1361.349,1186.925,1231.651,1333.419
Serbia,SRB,1507.679,1238.888,1640.945,2156.887,2836.54,3315.331,3695.343,4398.828,5878.873,7087.453,6168.228,5673.62,6809.94,6012.63,6752.796,6598.935,5585.117,5756.384,6284.196
Seychelles,SYC,7747.491,7578.829,7663.083,8431.923,8524.935,10176.659,11093.314,12014.418,12155.702,11123.004,9707.265,10805.099,11647.017,11999.897,14762.223,14701.368,14786.118,15219.117,15859.382
Sierra Leone,SLE,224.923,210.745,233.996,258.174,272.053,271.396,299.269,331.015,368.86,418.785,399.926,410.595,457.917,578.302,731.066,721.558,599.574,522.355,506.011
Singapore,SGP,21796.254,23793.113,21576.807,22016.976,23573.854,27404.812,29869.899,33579.155,39223.538,39722.148,38577.168,46569.395,53363.94,54891.873,56519.348,57271.717,55330.507,56454.739,59990.058
Slovak Republic,SVK,3864.179,3832.538,3976.091,4620.66,6330.051,8027.234,9129.071,10683.501,14349.947,18048.555,16567.154,16634.686,18223.895,17294.62,18205.908,18668.684,16197.783,16564.909,17627.111
Slovenia,SVN,11498.633,10286.104,10501.874,11841.814,14905.102,17282.619,18222.579,19777.132,23959.166,27784.009,24785.048,23499.587,25040.519,22563.157,23378.09,24243.945,20904.665,21635.439,23502.245
Solomon Islands,SLB,1116.043,923.454,897.55,744.048,704.085,793.967,915.158,980.042,1048.642,1207.902,1160.785,1293.864,1733.71,1935.74,2010.288,2042.088,1971.553,2056.559,2114.677
Somalia,SOM,,,,,,,,,,,,,,,,,,,
South Africa,ZAF,3087.271,3039.041,2667.881,2520.59,3772.06,4868.697,5412.942,5638.677,6123.957,5802.368,5926.398,7380.615,8083.126,7574.427,6907.599,6508.779,5800.506,5326.729,6182.253
South Sudan,SSD,,,,,,,,,,,,,1644.739,1041.463,1337.232,1309.952,1051.185,241.527,234.336
Spain,ESP,15774.437,14721.704,15365.803,17075.474,21528.292,24981.314,26547.913,28530.039,32748.087,35725.345,32412.772,30803.472,31868.855,28583.739,29237.722,29686.682,25849.685,26681.824,28377.759
Sri Lanka,LKA,992.638,1031.359,983.965,1027.565,1125.194,1221.079,1431.295,1645.073,1869.834,2336.438,2396.633,2807.661,3212.756,3349.776,3608.294,3818.396,3842.252,3856.824,4073.44
St. Kitts and Nevis,KNA,8670.829,9544.827,10327.642,10652.251,10270.537,11032.717,11884.778,13355.566,14541.886,15762.704,15074.213,14904.948,15742.955,15219.198,15977.284,17061.303,17247.171,17485.915,17905.339
St. Lucia,LCA,5365.735,5348.428,5056.054,5059.127,5499.454,5875.116,6182.276,6818.842,7600.339,7554.224,7762.925,8440.588,8629.369,8502.323,8674.491,8954.21,9466.526,9678.511,10312.361
St. Vincent and the Grenadines,VCT,3675.552,3728.551,4047.314,4327.554,4494.099,4847.173,5091.592,5623.323,5973.546,6366.698,6172.788,6224.215,6171.48,6318.54,6569.923,6622.343,6867.925,7000.324,7124.386
Sudan,SDN,352.442,422.316,492.676,554.652,635.575,772.939,996.677,1249.767,1599.596,1700.513,1401.244,1637.419,2034.461,1396.292,1462.582,1628.497,1698.87,1403.228,1120.008
Suriname,SUR,2649.744,2712.6,2301.928,2872.138,3335.527,3789.587,4483.534,5208.555,5758.066,6832.947,7394.097,8224.066,8190.699,9194.151,9351.962,9379.003,8439.174,5498.942,5260.044
Sweden,SWE,30601.857,29287.801,26970.431,29566.176,36936.664,42407.825,43048.112,46145.739,53185.652,55592.669,46047.306,51925.595,59454.397,56978.613,60069.346,58930.154,50565.098,51245.363,52924.365
Switzerland,CHE,40642.238,37993.795,38715.763,41554.546,48284.636,53446.727,55115.307,57801.077,63959.837,72941.175,70321.898,74884.834,88903.378,83958.545,85675.755,87161.617,82510.452,80490.76,80642.579
Syria,SYR,1043.174,1202.891,1236.897,1305.087,1208.885,1361.499,1510.392,1726.028,2016.052,2557.211,2557.267,2806.685,,,,,,,
Taiwan Province of China,TWN,13768.274,14876.879,13408.383,13715.525,14094.37,15360.724,16503.313,16984.54,17780.925,18102.946,16959.775,19261.667,20911.643,21269.614,21887.992,22638.917,22373.564,22572.702,24389.677
Tajikistan,TJK,177.712,159.417,167.035,187.958,236.394,308.844,337.129,401.586,519.025,702.445,666.024,738.287,834.52,949.648,1040.15,1105.197,919.073,795.981,800.802
Tanzania,TZA,363.109,378.494,378.881,383.7,399.475,425.476,450.395,481.665,541.793,671.868,683.856,725.765,765.333,882.479,996.777,1069.71,993.839,1022.542,1064.457
Thailand,THA,2057.318,2030.725,1921.673,2133.115,2404.937,2714.64,2955.79,3442.387,4058.386,4471.123,4298.296,5174.529,5600.64,5979.218,6296.192,6079.686,5967.672,6113.799,6730.558
Timor-Leste,TLS,,489.866,569.609,554.016,580.466,1132.771,1870.683,2687.664,2851.49,4246.847,3060.187,3782.707,5272.736,6052.99,5002.922,3494.848,2620.3,2079.628,2239.694
Togo,TGO,377.803,311.499,300.953,337.732,409.209,427.308,422.158,425.298,444.013,539.752,533.049,527.823,579.544,565.01,613.632,633.067,563.759,589.74,614.969
Tonga,TON,2035.946,1965.571,1775.167,1908.075,2108.806,2454.269,2788.968,2889.027,3142.198,3337.897,3295.282,3788.677,4412.213,4442.354,4303.082,4277.608,4021.72,4249.137,4520.886
Trinidad and Tobago,TTO,5475.183,6541.694,7042.209,7158.999,8927.638,10438.77,12467.75,14273.555,16807.873,21464.21,14801.21,16957.995,19320.961,19208.072,20173.251,20288.06,18470.339,15913.981,16107.406
Tunisia,TUN,2388.986,2213.949,2254.913,2345.99,2762.051,3112.91,3194.48,3371.538,3778.375,4308.482,4131.023,4140.485,4256.837,4137.576,4198.848,4274.471,3827.641,3666.308,3464.718
Turkey,TUR,4019.001,4218.859,3053.282,3589.386,4642.902,5952.828,7277.942,7898.992,9562.939,10691.762,8881.762,10475.567,11140.952,11552.693,12395.369,12022.18,10914.886,10817.389,10537.186
Turkmenistan,TKM,861.861,1109.216,1514.431,1880.287,2443.634,3004.972,3596.234,4429.641,5312.927,4350.129,4036.459,4439.203,5649.978,6675.276,7304.421,7962.366,6432.669,6412.135,6642.523
Tuvalu,TUV,,,,1661.535,1946.376,2255.915,2229.48,2324.759,2713.056,3053.405,2683.967,3059.159,3687.994,3541.906,3499.048,3459.462,3280.974,3362.05,3688.651
Uganda,UGA,285.563,273.964,268.065,278.964,278.825,331.993,372.282,406.739,488.914,604.626,628.759,662.223,669.297,755.416,767.235,775.095,646.894,676.948,702.244
Ukraine,UKR,664.99,664.376,784.864,885.315,1055.946,1374.753,1839.515,2319.286,3101.388,3944.724,2557.279,2982.814,3589.632,3872.534,3968.797,3053.608,2124.619,2200.002,2655.939
United Arab Emirates,ARE,27321.043,34688.979,32621.292,32790.711,35017.312,39304.507,43988.667,44313.586,41472.286,39074.838,30920.447,35064.255,41194.733,42723.581,43197.43,43340.018,37380.571,36226.239,37732.656
United Kingdom,GBR,28435.056,28043.874,27510.331,29912.986,34302.415,40111.752,41842.698,44403.814,50315.557,47469.38,38601.319,39122.192,41649.659,42023.101,42981.253,47003.879,44494.861,40657.859,39975.378
United States,USA,34494.539,36317.741,37101.103,37971.28,39411.546,41629.858,44025.56,46213.508,47869.24,48283.413,47007.674,48402.581,49825.501,51556.171,53061.235,54992.725,56770.397,57876.631,59894.998
Uruguay,URY,7193.466,6817.363,6238.214,4073.418,3614.627,4102.584,5189.889,5842.813,6984.815,9029.327,9372.485,11859.898,14054.33,14961.681,16723.447,16572.362,15365.956,15139.12,16941.557
Uzbekistan,UZB,693.22,560.173,468.772,384.502,398.329,466.848,549.947,647.084,836.59,1056.624,1215.273,1404.853,1577.476,1753.442,1923.754,2069.774,2143.26,2124.108,1520.097
Vanuatu,VUT,1435.664,1422.228,1317.091,1313.463,1542.059,1743.244,1824.378,1985.275,2353.462,2614.735,2593.711,2841.209,3093.464,3067.747,3108.791,3110.706,2880.948,2929.517,3158.835
Venezuela,VEN,4121.578,4823.961,4965.408,3790.656,3265.553,4309.504,5418.439,6609.949,8133.306,10464.263,8442.837,10316.832,11541.876,11287.303,7869.442,7029.892,10568.1,9092.02,4717.533
Vietnam,VNM,374.722,401.567,413.342,440.209,489.034,603.668,699.682,796.928,920.463,1154.493,1181.448,1297.226,1532.311,1750.756,1898.898,2047.429,2085.714,2172.012,2353.356
Yemen,YEM,439.292,539.641,532.421,560.031,597.771,682.148,797.704,881.648,971.326,1171.169,1060.926,1266.787,1302.302,1367.715,1515.946,1574.246,1507.171,1063.025,894.642
Zambia,ZMB,330.283,340.164,376.986,376.468,429.01,530.54,691.785,1030.282,1103.452,1365.692,1134.758,1456.162,1635.505,1724.711,1839.537,1727.026,1310.354,1252.698,1500.646
Zimbabwe,ZWE,1003.834,969.824,964.08,922.878,822.472,806.898,764.632,677.881,646.558,553.376,790.352,975.851,1131.836,1310.366,1421.548,1415.027,1412.315,1382.89,1471.406